# T[K], S_O2[eV/K], S_CO[eV/K]
100.0000000000, 0.0018011040, 0.0017219611
101.0000000000, 0.0018041051, 0.0017249622
102.0000000000, 0.0018070766, 0.0017279337
103.0000000000, 0.0018100191, 0.0017308762
104.0000000000, 0.0018129332, 0.0017337903
105.0000000000, 0.0018158194, 0.0017366765
106.0000000000, 0.0018186783, 0.0017395354
107.0000000000, 0.0018215103, 0.0017423674
108.0000000000, 0.0018243159, 0.0017451730
109.0000000000, 0.0018270957, 0.0017479528
110.0000000000, 0.0018298501, 0.0017507073
111.0000000000, 0.0018325796, 0.0017534367
112.0000000000, 0.0018352846, 0.0017561417
113.0000000000, 0.0018379656, 0.0017588227
114.0000000000, 0.0018406230, 0.0017614801
115.0000000000, 0.0018432571, 0.0017641142
116.0000000000, 0.0018458684, 0.0017667255
117.0000000000, 0.0018484573, 0.0017693144
118.0000000000, 0.0018510242, 0.0017718813
119.0000000000, 0.0018535694, 0.0017744265
120.0000000000, 0.0018560934, 0.0017769505
121.0000000000, 0.0018585963, 0.0017794534
122.0000000000, 0.0018610787, 0.0017819358
123.0000000000, 0.0018635408, 0.0017843979
124.0000000000, 0.0018659830, 0.0017868401
125.0000000000, 0.0018684056, 0.0017892626
126.0000000000, 0.0018708088, 0.0017916659
127.0000000000, 0.0018731931, 0.0017940502
128.0000000000, 0.0018755586, 0.0017964157
129.0000000000, 0.0018779058, 0.0017987629
130.0000000000, 0.0018802348, 0.0018010919
131.0000000000, 0.0018825460, 0.0018034031
132.0000000000, 0.0018848396, 0.0018056967
133.0000000000, 0.0018871159, 0.0018079729
134.0000000000, 0.0018893752, 0.0018102322
135.0000000000, 0.0018916176, 0.0018124746
136.0000000000, 0.0018938435, 0.0018147005
137.0000000000, 0.0018960531, 0.0018169101
138.0000000000, 0.0018982466, 0.0018191036
139.0000000000, 0.0019004243, 0.0018212813
140.0000000000, 0.0019025864, 0.0018234434
141.0000000000, 0.0019047331, 0.0018255901
142.0000000000, 0.0019068647, 0.0018277216
143.0000000000, 0.0019089812, 0.0018298381
144.0000000000, 0.0019110831, 0.0018319399
145.0000000000, 0.0019131703, 0.0018340272
146.0000000000, 0.0019152433, 0.0018361001
147.0000000000, 0.0019173021, 0.0018381589
148.0000000000, 0.0019193469, 0.0018402037
149.0000000000, 0.0019213780, 0.0018422347
150.0000000000, 0.0019233955, 0.0018442522
151.0000000000, 0.0019253996, 0.0018462563
152.0000000000, 0.0019273905, 0.0018482471
153.0000000000, 0.0019293683, 0.0018502249
154.0000000000, 0.0019313332, 0.0018521898
155.0000000000, 0.0019332854, 0.0018541420
156.0000000000, 0.0019352251, 0.0018560816
157.0000000000, 0.0019371524, 0.0018580088
158.0000000000, 0.0019390675, 0.0018599238
159.0000000000, 0.0019409705, 0.0018618267
160.0000000000, 0.0019428615, 0.0018637177
161.0000000000, 0.0019447408, 0.0018655970
162.0000000000, 0.0019466085, 0.0018674646
163.0000000000, 0.0019484646, 0.0018693206
164.0000000000, 0.0019503095, 0.0018711654
165.0000000000, 0.0019521431, 0.0018729989
166.0000000000, 0.0019539657, 0.0018748214
167.0000000000, 0.0019557773, 0.0018766329
168.0000000000, 0.0019575781, 0.0018784336
169.0000000000, 0.0019593683, 0.0018802237
170.0000000000, 0.0019611478, 0.0018820032
171.0000000000, 0.0019629170, 0.0018837722
172.0000000000, 0.0019646759, 0.0018855309
173.0000000000, 0.0019664246, 0.0018872795
174.0000000000, 0.0019681632, 0.0018890180
175.0000000000, 0.0019698919, 0.0018907465
176.0000000000, 0.0019716107, 0.0018924652
177.0000000000, 0.0019733198, 0.0018941741
178.0000000000, 0.0019750193, 0.0018958735
179.0000000000, 0.0019767094, 0.0018975633
180.0000000000, 0.0019783900, 0.0018992437
181.0000000000, 0.0019800613, 0.0019009148
182.0000000000, 0.0019817234, 0.0019025767
183.0000000000, 0.0019833765, 0.0019042295
184.0000000000, 0.0019850205, 0.0019058734
185.0000000000, 0.0019866557, 0.0019075083
186.0000000000, 0.0019882821, 0.0019091344
187.0000000000, 0.0019898998, 0.0019107518
188.0000000000, 0.0019915089, 0.0019123607
189.0000000000, 0.0019931094, 0.0019139609
190.0000000000, 0.0019947016, 0.0019155528
191.0000000000, 0.0019962854, 0.0019171363
192.0000000000, 0.0019978610, 0.0019187116
193.0000000000, 0.0019994284, 0.0019202787
194.0000000000, 0.0020009878, 0.0019218377
195.0000000000, 0.0020025392, 0.0019233887
196.0000000000, 0.0020040827, 0.0019249318
197.0000000000, 0.0020056183, 0.0019264670
198.0000000000, 0.0020071462, 0.0019279945
199.0000000000, 0.0020086665, 0.0019295144
200.0000000000, 0.0020101792, 0.0019310266
201.0000000000, 0.0020116844, 0.0019325313
202.0000000000, 0.0020131821, 0.0019340286
203.0000000000, 0.0020146725, 0.0019355185
204.0000000000, 0.0020161556, 0.0019370011
205.0000000000, 0.0020176315, 0.0019384764
206.0000000000, 0.0020191003, 0.0019399447
207.0000000000, 0.0020205620, 0.0019414058
208.0000000000, 0.0020220167, 0.0019428599
209.0000000000, 0.0020234644, 0.0019443071
210.0000000000, 0.0020249053, 0.0019457474
211.0000000000, 0.0020263395, 0.0019471808
212.0000000000, 0.0020277668, 0.0019486076
213.0000000000, 0.0020291876, 0.0019500276
214.0000000000, 0.0020306017, 0.0019514410
215.0000000000, 0.0020320093, 0.0019528479
216.0000000000, 0.0020334104, 0.0019542483
217.0000000000, 0.0020348051, 0.0019556422
218.0000000000, 0.0020361935, 0.0019570298
219.0000000000, 0.0020375755, 0.0019584110
220.0000000000, 0.0020389514, 0.0019597860
221.0000000000, 0.0020403210, 0.0019611548
222.0000000000, 0.0020416846, 0.0019625174
223.0000000000, 0.0020430420, 0.0019638740
224.0000000000, 0.0020443935, 0.0019652245
225.0000000000, 0.0020457390, 0.0019665691
226.0000000000, 0.0020470787, 0.0019679077
227.0000000000, 0.0020484125, 0.0019692405
228.0000000000, 0.0020497405, 0.0019705675
229.0000000000, 0.0020510627, 0.0019718887
230.0000000000, 0.0020523793, 0.0019732042
231.0000000000, 0.0020536903, 0.0019745140
232.0000000000, 0.0020549956, 0.0019758182
233.0000000000, 0.0020562955, 0.0019771169
234.0000000000, 0.0020575898, 0.0019784100
235.0000000000, 0.0020588787, 0.0019796977
236.0000000000, 0.0020601623, 0.0019809800
237.0000000000, 0.0020614405, 0.0019822569
238.0000000000, 0.0020627134, 0.0019835285
239.0000000000, 0.0020639810, 0.0019847948
240.0000000000, 0.0020652435, 0.0019860559
241.0000000000, 0.0020665008, 0.0019873117
242.0000000000, 0.0020677530, 0.0019885625
243.0000000000, 0.0020690001, 0.0019898082
244.0000000000, 0.0020702422, 0.0019910488
245.0000000000, 0.0020714793, 0.0019922843
246.0000000000, 0.0020727115, 0.0019935150
247.0000000000, 0.0020739388, 0.0019947407
248.0000000000, 0.0020751613, 0.0019959615
249.0000000000, 0.0020763789, 0.0019971774
250.0000000000, 0.0020775917, 0.0019983886
251.0000000000, 0.0020787999, 0.0019995950
252.0000000000, 0.0020800033, 0.0020007967
253.0000000000, 0.0020812021, 0.0020019936
254.0000000000, 0.0020823962, 0.0020031860
255.0000000000, 0.0020835858, 0.0020043737
256.0000000000, 0.0020847709, 0.0020055568
257.0000000000, 0.0020859514, 0.0020067355
258.0000000000, 0.0020871275, 0.0020079096
259.0000000000, 0.0020882992, 0.0020090792
260.0000000000, 0.0020894664, 0.0020102445
261.0000000000, 0.0020906294, 0.0020114053
262.0000000000, 0.0020917879, 0.0020125618
263.0000000000, 0.0020929423, 0.0020137139
264.0000000000, 0.0020940923, 0.0020148618
265.0000000000, 0.0020952381, 0.0020160054
266.0000000000, 0.0020963798, 0.0020171448
267.0000000000, 0.0020975173, 0.0020182800
268.0000000000, 0.0020986507, 0.0020194111
269.0000000000, 0.0020997800, 0.0020205381
270.0000000000, 0.0021009053, 0.0020216609
271.0000000000, 0.0021020265, 0.0020227797
272.0000000000, 0.0021031437, 0.0020238945
273.0000000000, 0.0021042570, 0.0020250052
274.0000000000, 0.0021053664, 0.0020261121
275.0000000000, 0.0021064719, 0.0020272149
276.0000000000, 0.0021075735, 0.0020283139
277.0000000000, 0.0021086712, 0.0020294090
278.0000000000, 0.0021097652, 0.0020305003
279.0000000000, 0.0021108554, 0.0020315877
280.0000000000, 0.0021119418, 0.0020326714
281.0000000000, 0.0021130245, 0.0020337513
282.0000000000, 0.0021141036, 0.0020348275
283.0000000000, 0.0021151789, 0.0020359000
284.0000000000, 0.0021162507, 0.0020369688
285.0000000000, 0.0021173188, 0.0020380339
286.0000000000, 0.0021183833, 0.0020390955
287.0000000000, 0.0021194443, 0.0020401534
288.0000000000, 0.0021205018, 0.0020412078
289.0000000000, 0.0021215558, 0.0020422586
290.0000000000, 0.0021226063, 0.0020433060
291.0000000000, 0.0021236533, 0.0020443498
292.0000000000, 0.0021246969, 0.0020453902
293.0000000000, 0.0021257371, 0.0020464272
294.0000000000, 0.0021267740, 0.0020474607
295.0000000000, 0.0021278075, 0.0020484908
296.0000000000, 0.0021288377, 0.0020495176
297.0000000000, 0.0021298646, 0.0020505411
298.0000000000, 0.0021308882, 0.0020515612
299.0000000000, 0.0021319085, 0.0020525781
300.0000000000, 0.0021329257, 0.0020535917
301.0000000000, 0.0021339396, 0.0020546020
302.0000000000, 0.0021349503, 0.0020556091
303.0000000000, 0.0021359579, 0.0020566130
304.0000000000, 0.0021369624, 0.0020576138
305.0000000000, 0.0021379637, 0.0020586114
306.0000000000, 0.0021389620, 0.0020596058
307.0000000000, 0.0021399571, 0.0020605972
308.0000000000, 0.0021409493, 0.0020615855
309.0000000000, 0.0021419384, 0.0020625707
310.0000000000, 0.0021429245, 0.0020635528
311.0000000000, 0.0021439076, 0.0020645320
312.0000000000, 0.0021448877, 0.0020655081
313.0000000000, 0.0021458649, 0.0020664813
314.0000000000, 0.0021468392, 0.0020674515
315.0000000000, 0.0021478106, 0.0020684187
316.0000000000, 0.0021487791, 0.0020693831
317.0000000000, 0.0021497447, 0.0020703445
318.0000000000, 0.0021507075, 0.0020713031
319.0000000000, 0.0021516675, 0.0020722588
320.0000000000, 0.0021526247, 0.0020732116
321.0000000000, 0.0021535791, 0.0020741617
322.0000000000, 0.0021545307, 0.0020751089
323.0000000000, 0.0021554796, 0.0020760533
324.0000000000, 0.0021564257, 0.0020769950
325.0000000000, 0.0021573691, 0.0020779339
326.0000000000, 0.0021583099, 0.0020788702
327.0000000000, 0.0021592480, 0.0020798036
328.0000000000, 0.0021601834, 0.0020807344
329.0000000000, 0.0021611161, 0.0020816626
330.0000000000, 0.0021620463, 0.0020825880
331.0000000000, 0.0021629738, 0.0020835109
332.0000000000, 0.0021638988, 0.0020844311
333.0000000000, 0.0021648212, 0.0020853487
334.0000000000, 0.0021657410, 0.0020862637
335.0000000000, 0.0021666583, 0.0020871761
336.0000000000, 0.0021675731, 0.0020880860
337.0000000000, 0.0021684854, 0.0020889934
338.0000000000, 0.0021693952, 0.0020898982
339.0000000000, 0.0021703025, 0.0020908005
340.0000000000, 0.0021712074, 0.0020917004
341.0000000000, 0.0021721098, 0.0020925977
342.0000000000, 0.0021730098, 0.0020934926
343.0000000000, 0.0021739074, 0.0020943851
344.0000000000, 0.0021748026, 0.0020952751
345.0000000000, 0.0021756954, 0.0020961627
346.0000000000, 0.0021765859, 0.0020970479
347.0000000000, 0.0021774740, 0.0020979308
348.0000000000, 0.0021783598, 0.0020988113
349.0000000000, 0.0021792433, 0.0020996894
350.0000000000, 0.0021801244, 0.0021005652
351.0000000000, 0.0021810033, 0.0021014386
352.0000000000, 0.0021818799, 0.0021023098
353.0000000000, 0.0021827542, 0.0021031786
354.0000000000, 0.0021836263, 0.0021040452
355.0000000000, 0.0021844962, 0.0021049095
356.0000000000, 0.0021853638, 0.0021057716
357.0000000000, 0.0021862292, 0.0021066314
358.0000000000, 0.0021870924, 0.0021074890
359.0000000000, 0.0021879535, 0.0021083444
360.0000000000, 0.0021888124, 0.0021091976
361.0000000000, 0.0021896691, 0.0021100486
362.0000000000, 0.0021905237, 0.0021108975
363.0000000000, 0.0021913762, 0.0021117442
364.0000000000, 0.0021922265, 0.0021125887
365.0000000000, 0.0021930748, 0.0021134311
366.0000000000, 0.0021939209, 0.0021142714
367.0000000000, 0.0021947650, 0.0021151096
368.0000000000, 0.0021956071, 0.0021159457
369.0000000000, 0.0021964470, 0.0021167797
370.0000000000, 0.0021972849, 0.0021176116
371.0000000000, 0.0021981208, 0.0021184415
372.0000000000, 0.0021989547, 0.0021192693
373.0000000000, 0.0021997866, 0.0021200951
374.0000000000, 0.0022006165, 0.0021209189
375.0000000000, 0.0022014444, 0.0021217407
376.0000000000, 0.0022022703, 0.0021225605
377.0000000000, 0.0022030943, 0.0021233783
378.0000000000, 0.0022039163, 0.0021241941
379.0000000000, 0.0022047364, 0.0021250079
380.0000000000, 0.0022055546, 0.0021258198
381.0000000000, 0.0022063708, 0.0021266298
382.0000000000, 0.0022071852, 0.0021274378
383.0000000000, 0.0022079976, 0.0021282439
384.0000000000, 0.0022088082, 0.0021290481
385.0000000000, 0.0022096169, 0.0021298504
386.0000000000, 0.0022104237, 0.0021306509
387.0000000000, 0.0022112287, 0.0021314494
388.0000000000, 0.0022120319, 0.0021322461
389.0000000000, 0.0022128332, 0.0021330409
390.0000000000, 0.0022136327, 0.0021338339
391.0000000000, 0.0022144304, 0.0021346251
392.0000000000, 0.0022152262, 0.0021354144
393.0000000000, 0.0022160203, 0.0021362019
394.0000000000, 0.0022168127, 0.0021369876
395.0000000000, 0.0022176032, 0.0021377715
396.0000000000, 0.0022183920, 0.0021385537
397.0000000000, 0.0022191790, 0.0021393340
398.0000000000, 0.0022199643, 0.0021401126
399.0000000000, 0.0022207479, 0.0021408895
400.0000000000, 0.0022215297, 0.0021416646
401.0000000000, 0.0022223098, 0.0021424379
402.0000000000, 0.0022230883, 0.0021432096
403.0000000000, 0.0022238650, 0.0021439795
404.0000000000, 0.0022246400, 0.0021447477
405.0000000000, 0.0022254134, 0.0021455142
406.0000000000, 0.0022261851, 0.0021462790
407.0000000000, 0.0022269551, 0.0021470422
408.0000000000, 0.0022277235, 0.0021478037
409.0000000000, 0.0022284902, 0.0021485635
410.0000000000, 0.0022292553, 0.0021493216
411.0000000000, 0.0022300188, 0.0021500782
412.0000000000, 0.0022307806, 0.0021508330
413.0000000000, 0.0022315409, 0.0021515863
414.0000000000, 0.0022322995, 0.0021523379
415.0000000000, 0.0022330566, 0.0021530879
416.0000000000, 0.0022338121, 0.0021538364
417.0000000000, 0.0022345660, 0.0021545832
418.0000000000, 0.0022353183, 0.0021553284
419.0000000000, 0.0022360691, 0.0021560721
420.0000000000, 0.0022368183, 0.0021568142
421.0000000000, 0.0022375659, 0.0021575547
422.0000000000, 0.0022383121, 0.0021582937
423.0000000000, 0.0022390567, 0.0021590311
424.0000000000, 0.0022397998, 0.0021597670
425.0000000000, 0.0022405413, 0.0021605014
426.0000000000, 0.0022412814, 0.0021612342
427.0000000000, 0.0022420200, 0.0021619656
428.0000000000, 0.0022427570, 0.0021626954
429.0000000000, 0.0022434926, 0.0021634237
430.0000000000, 0.0022442267, 0.0021641505
431.0000000000, 0.0022449594, 0.0021648759
432.0000000000, 0.0022456906, 0.0021655998
433.0000000000, 0.0022464203, 0.0021663222
434.0000000000, 0.0022471486, 0.0021670431
435.0000000000, 0.0022478754, 0.0021677626
436.0000000000, 0.0022486008, 0.0021684806
437.0000000000, 0.0022493248, 0.0021691972
438.0000000000, 0.0022500473, 0.0021699124
439.0000000000, 0.0022507684, 0.0021706261
440.0000000000, 0.0022514882, 0.0021713385
441.0000000000, 0.0022522065, 0.0021720494
442.0000000000, 0.0022529234, 0.0021727589
443.0000000000, 0.0022536390, 0.0021734670
444.0000000000, 0.0022543532, 0.0021741737
445.0000000000, 0.0022550659, 0.0021748790
446.0000000000, 0.0022557774, 0.0021755829
447.0000000000, 0.0022564874, 0.0021762855
448.0000000000, 0.0022571961, 0.0021769867
449.0000000000, 0.0022579035, 0.0021776866
450.0000000000, 0.0022586095, 0.0021783850
451.0000000000, 0.0022593142, 0.0021790822
452.0000000000, 0.0022600175, 0.0021797780
453.0000000000, 0.0022607196, 0.0021804725
454.0000000000, 0.0022614203, 0.0021811656
455.0000000000, 0.0022621197, 0.0021818574
456.0000000000, 0.0022628178, 0.0021825479
457.0000000000, 0.0022635145, 0.0021832371
458.0000000000, 0.0022642100, 0.0021839250
459.0000000000, 0.0022649042, 0.0021846116
460.0000000000, 0.0022655971, 0.0021852969
461.0000000000, 0.0022662888, 0.0021859809
462.0000000000, 0.0022669792, 0.0021866637
463.0000000000, 0.0022676683, 0.0021873451
464.0000000000, 0.0022683561, 0.0021880253
465.0000000000, 0.0022690427, 0.0021887043
466.0000000000, 0.0022697280, 0.0021893819
467.0000000000, 0.0022704121, 0.0021900584
468.0000000000, 0.0022710950, 0.0021907336
469.0000000000, 0.0022717766, 0.0021914075
470.0000000000, 0.0022724570, 0.0021920802
471.0000000000, 0.0022731362, 0.0021927517
472.0000000000, 0.0022738141, 0.0021934219
473.0000000000, 0.0022744909, 0.0021940910
474.0000000000, 0.0022751664, 0.0021947588
475.0000000000, 0.0022758407, 0.0021954254
476.0000000000, 0.0022765139, 0.0021960908
477.0000000000, 0.0022771858, 0.0021967550
478.0000000000, 0.0022778566, 0.0021974181
479.0000000000, 0.0022785262, 0.0021980799
480.0000000000, 0.0022791946, 0.0021987406
481.0000000000, 0.0022798618, 0.0021994001
482.0000000000, 0.0022805279, 0.0022000584
483.0000000000, 0.0022811928, 0.0022007155
484.0000000000, 0.0022818565, 0.0022013715
485.0000000000, 0.0022825191, 0.0022020263
486.0000000000, 0.0022831805, 0.0022026800
487.0000000000, 0.0022838408, 0.0022033326
488.0000000000, 0.0022845000, 0.0022039840
489.0000000000, 0.0022851580, 0.0022046342
490.0000000000, 0.0022858149, 0.0022052833
491.0000000000, 0.0022864707, 0.0022059313
492.0000000000, 0.0022871254, 0.0022065782
493.0000000000, 0.0022877789, 0.0022072240
494.0000000000, 0.0022884314, 0.0022078686
495.0000000000, 0.0022890827, 0.0022085122
496.0000000000, 0.0022897329, 0.0022091546
497.0000000000, 0.0022903821, 0.0022097959
498.0000000000, 0.0022910301, 0.0022104362
499.0000000000, 0.0022916770, 0.0022110753
500.0000000000, 0.0022923229, 0.0022117134
501.0000000000, 0.0022929677, 0.0022123504
502.0000000000, 0.0022936114, 0.0022129863
503.0000000000, 0.0022942540, 0.0022136211
504.0000000000, 0.0022948956, 0.0022142549
505.0000000000, 0.0022955361, 0.0022148876
506.0000000000, 0.0022961756, 0.0022155193
507.0000000000, 0.0022968140, 0.0022161498
508.0000000000, 0.0022974513, 0.0022167794
509.0000000000, 0.0022980876, 0.0022174079
510.0000000000, 0.0022987229, 0.0022180353
511.0000000000, 0.0022993571, 0.0022186618
512.0000000000, 0.0022999903, 0.0022192871
513.0000000000, 0.0023006224, 0.0022199115
514.0000000000, 0.0023012536, 0.0022205348
515.0000000000, 0.0023018837, 0.0022211571
516.0000000000, 0.0023025128, 0.0022217784
517.0000000000, 0.0023031408, 0.0022223987
518.0000000000, 0.0023037679, 0.0022230179
519.0000000000, 0.0023043939, 0.0022236362
520.0000000000, 0.0023050190, 0.0022242534
521.0000000000, 0.0023056430, 0.0022248697
522.0000000000, 0.0023062661, 0.0022254850
523.0000000000, 0.0023068882, 0.0022260992
524.0000000000, 0.0023075092, 0.0022267125
525.0000000000, 0.0023081293, 0.0022273248
526.0000000000, 0.0023087484, 0.0022279361
527.0000000000, 0.0023093666, 0.0022285465
528.0000000000, 0.0023099837, 0.0022291559
529.0000000000, 0.0023105999, 0.0022297643
530.0000000000, 0.0023112151, 0.0022303717
531.0000000000, 0.0023118294, 0.0022309782
532.0000000000, 0.0023124427, 0.0022315837
533.0000000000, 0.0023130550, 0.0022321883
534.0000000000, 0.0023136664, 0.0022327919
535.0000000000, 0.0023142768, 0.0022333946
536.0000000000, 0.0023148863, 0.0022339963
537.0000000000, 0.0023154949, 0.0022345971
538.0000000000, 0.0023161025, 0.0022351970
539.0000000000, 0.0023167091, 0.0022357959
540.0000000000, 0.0023173149, 0.0022363939
541.0000000000, 0.0023179197, 0.0022369910
542.0000000000, 0.0023185236, 0.0022375871
543.0000000000, 0.0023191265, 0.0022381823
544.0000000000, 0.0023197286, 0.0022387767
545.0000000000, 0.0023203297, 0.0022393701
546.0000000000, 0.0023209299, 0.0022399626
547.0000000000, 0.0023215292, 0.0022405541
548.0000000000, 0.0023221276, 0.0022411448
549.0000000000, 0.0023227251, 0.0022417346
550.0000000000, 0.0023233217, 0.0022423235
551.0000000000, 0.0023239173, 0.0022429115
552.0000000000, 0.0023245121, 0.0022434986
553.0000000000, 0.0023251060, 0.0022440848
554.0000000000, 0.0023256991, 0.0022446702
555.0000000000, 0.0023262912, 0.0022452546
556.0000000000, 0.0023268824, 0.0022458382
557.0000000000, 0.0023274728, 0.0022464209
558.0000000000, 0.0023280623, 0.0022470027
559.0000000000, 0.0023286509, 0.0022475837
560.0000000000, 0.0023292387, 0.0022481638
561.0000000000, 0.0023298256, 0.0022487430
562.0000000000, 0.0023304116, 0.0022493214
563.0000000000, 0.0023309967, 0.0022498989
564.0000000000, 0.0023315810, 0.0022504756
565.0000000000, 0.0023321645, 0.0022510514
566.0000000000, 0.0023327470, 0.0022516264
567.0000000000, 0.0023333288, 0.0022522005
568.0000000000, 0.0023339097, 0.0022527738
569.0000000000, 0.0023344897, 0.0022533463
570.0000000000, 0.0023350689, 0.0022539179
571.0000000000, 0.0023356473, 0.0022544887
572.0000000000, 0.0023362248, 0.0022550586
573.0000000000, 0.0023368015, 0.0022556278
574.0000000000, 0.0023373774, 0.0022561961
575.0000000000, 0.0023379524, 0.0022567635
576.0000000000, 0.0023385266, 0.0022573302
577.0000000000, 0.0023391000, 0.0022578961
578.0000000000, 0.0023396725, 0.0022584611
579.0000000000, 0.0023402443, 0.0022590253
580.0000000000, 0.0023408152, 0.0022595887
581.0000000000, 0.0023413853, 0.0022601513
582.0000000000, 0.0023419546, 0.0022607131
583.0000000000, 0.0023425231, 0.0022612741
584.0000000000, 0.0023430908, 0.0022618343
585.0000000000, 0.0023436577, 0.0022623938
586.0000000000, 0.0023442238, 0.0022629524
587.0000000000, 0.0023447891, 0.0022635102
588.0000000000, 0.0023453536, 0.0022640673
589.0000000000, 0.0023459173, 0.0022646235
590.0000000000, 0.0023464802, 0.0022651790
591.0000000000, 0.0023470424, 0.0022657337
592.0000000000, 0.0023476037, 0.0022662876
593.0000000000, 0.0023481643, 0.0022668407
594.0000000000, 0.0023487241, 0.0022673931
595.0000000000, 0.0023492831, 0.0022679447
596.0000000000, 0.0023498413, 0.0022684956
597.0000000000, 0.0023503987, 0.0022690456
598.0000000000, 0.0023509554, 0.0022695949
599.0000000000, 0.0023515114, 0.0022701435
600.0000000000, 0.0023520665, 0.0022706913
601.0000000000, 0.0023526209, 0.0022712383
602.0000000000, 0.0023531745, 0.0022717846
603.0000000000, 0.0023537274, 0.0022723302
604.0000000000, 0.0023542795, 0.0022728749
605.0000000000, 0.0023548309, 0.0022734190
606.0000000000, 0.0023553815, 0.0022739623
607.0000000000, 0.0023559313, 0.0022745048
608.0000000000, 0.0023564804, 0.0022750467
609.0000000000, 0.0023570288, 0.0022755877
610.0000000000, 0.0023575764, 0.0022761281
611.0000000000, 0.0023581233, 0.0022766677
612.0000000000, 0.0023586694, 0.0022772066
613.0000000000, 0.0023592148, 0.0022777447
614.0000000000, 0.0023597595, 0.0022782822
615.0000000000, 0.0023603034, 0.0022788189
616.0000000000, 0.0023608467, 0.0022793549
617.0000000000, 0.0023613891, 0.0022798901
618.0000000000, 0.0023619309, 0.0022804247
619.0000000000, 0.0023624719, 0.0022809585
620.0000000000, 0.0023630122, 0.0022814917
621.0000000000, 0.0023635518, 0.0022820241
622.0000000000, 0.0023640907, 0.0022825558
623.0000000000, 0.0023646288, 0.0022830868
624.0000000000, 0.0023651663, 0.0022836171
625.0000000000, 0.0023657030, 0.0022841467
626.0000000000, 0.0023662390, 0.0022846756
627.0000000000, 0.0023667744, 0.0022852038
628.0000000000, 0.0023673090, 0.0022857313
629.0000000000, 0.0023678429, 0.0022862581
630.0000000000, 0.0023683761, 0.0022867842
631.0000000000, 0.0023689086, 0.0022873097
632.0000000000, 0.0023694404, 0.0022878344
633.0000000000, 0.0023699715, 0.0022883585
634.0000000000, 0.0023705019, 0.0022888818
635.0000000000, 0.0023710317, 0.0022894045
636.0000000000, 0.0023715607, 0.0022899265
637.0000000000, 0.0023720891, 0.0022904479
638.0000000000, 0.0023726167, 0.0022909685
639.0000000000, 0.0023731437, 0.0022914885
640.0000000000, 0.0023736700, 0.0022920078
641.0000000000, 0.0023741956, 0.0022925265
642.0000000000, 0.0023747206, 0.0022930445
643.0000000000, 0.0023752449, 0.0022935618
644.0000000000, 0.0023757685, 0.0022940784
645.0000000000, 0.0023762914, 0.0022945944
646.0000000000, 0.0023768136, 0.0022951097
647.0000000000, 0.0023773352, 0.0022956244
648.0000000000, 0.0023778561, 0.0022961384
649.0000000000, 0.0023783764, 0.0022966518
650.0000000000, 0.0023788960, 0.0022971645
651.0000000000, 0.0023794149, 0.0022976765
652.0000000000, 0.0023799332, 0.0022981880
653.0000000000, 0.0023804508, 0.0022986987
654.0000000000, 0.0023809677, 0.0022992088
655.0000000000, 0.0023814840, 0.0022997183
656.0000000000, 0.0023819997, 0.0023002271
657.0000000000, 0.0023825147, 0.0023007353
658.0000000000, 0.0023830290, 0.0023012428
659.0000000000, 0.0023835427, 0.0023017498
660.0000000000, 0.0023840558, 0.0023022560
661.0000000000, 0.0023845682, 0.0023027617
662.0000000000, 0.0023850800, 0.0023032667
663.0000000000, 0.0023855911, 0.0023037711
664.0000000000, 0.0023861016, 0.0023042748
665.0000000000, 0.0023866115, 0.0023047780
666.0000000000, 0.0023871207, 0.0023052805
667.0000000000, 0.0023876293, 0.0023057823
668.0000000000, 0.0023881372, 0.0023062836
669.0000000000, 0.0023886445, 0.0023067842
670.0000000000, 0.0023891512, 0.0023072843
671.0000000000, 0.0023896573, 0.0023077837
672.0000000000, 0.0023901628, 0.0023082825
673.0000000000, 0.0023906676, 0.0023087806
674.0000000000, 0.0023911718, 0.0023092782
675.0000000000, 0.0023916754, 0.0023097752
676.0000000000, 0.0023921783, 0.0023102715
677.0000000000, 0.0023926807, 0.0023107673
678.0000000000, 0.0023931824, 0.0023112624
679.0000000000, 0.0023936835, 0.0023117569
680.0000000000, 0.0023941840, 0.0023122509
681.0000000000, 0.0023946839, 0.0023127442
682.0000000000, 0.0023951832, 0.0023132369
683.0000000000, 0.0023956818, 0.0023137291
684.0000000000, 0.0023961799, 0.0023142206
685.0000000000, 0.0023966774, 0.0023147116
686.0000000000, 0.0023971742, 0.0023152019
687.0000000000, 0.0023976705, 0.0023156917
688.0000000000, 0.0023981661, 0.0023161809
689.0000000000, 0.0023986612, 0.0023166694
690.0000000000, 0.0023991557, 0.0023171574
691.0000000000, 0.0023996495, 0.0023176449
692.0000000000, 0.0024001428, 0.0023181317
693.0000000000, 0.0024006355, 0.0023186180
694.0000000000, 0.0024011276, 0.0023191036
695.0000000000, 0.0024016191, 0.0023195887
696.0000000000, 0.0024021100, 0.0023200732
697.0000000000, 0.0024026003, 0.0023205572
698.0000000000, 0.0024030900, 0.0023210406
699.0000000000, 0.0024035792, 0.0023215234
700.0000000000, 0.0024040678, 0.0023220056
701.0000000000, 0.0024045558, 0.0023224872
702.0000000000, 0.0024050432, 0.0023229683
703.0000000000, 0.0024055300, 0.0023234488
704.0000000000, 0.0024060163, 0.0023239288
705.0000000000, 0.0024065020, 0.0023244082
706.0000000000, 0.0024069871, 0.0023248870
707.0000000000, 0.0024074716, 0.0023253653
708.0000000000, 0.0024079556, 0.0023258430
709.0000000000, 0.0024084390, 0.0023263201
710.0000000000, 0.0024089218, 0.0023267967
711.0000000000, 0.0024094041, 0.0023272728
712.0000000000, 0.0024098858, 0.0023277482
713.0000000000, 0.0024103669, 0.0023282232
714.0000000000, 0.0024108475, 0.0023286975
715.0000000000, 0.0024113275, 0.0023291714
716.0000000000, 0.0024118069, 0.0023296446
717.0000000000, 0.0024122858, 0.0023301174
718.0000000000, 0.0024127642, 0.0023305896
719.0000000000, 0.0024132419, 0.0023310612
720.0000000000, 0.0024137192, 0.0023315323
721.0000000000, 0.0024141958, 0.0023320028
722.0000000000, 0.0024146720, 0.0023324729
723.0000000000, 0.0024151475, 0.0023329423
724.0000000000, 0.0024156225, 0.0023334113
725.0000000000, 0.0024160970, 0.0023338797
726.0000000000, 0.0024165709, 0.0023343475
727.0000000000, 0.0024170443, 0.0023348148
728.0000000000, 0.0024175171, 0.0023352816
729.0000000000, 0.0024179894, 0.0023357479
730.0000000000, 0.0024184612, 0.0023362136
731.0000000000, 0.0024189324, 0.0023366788
732.0000000000, 0.0024194031, 0.0023371435
733.0000000000, 0.0024198732, 0.0023376077
734.0000000000, 0.0024203428, 0.0023380713
735.0000000000, 0.0024208119, 0.0023385344
736.0000000000, 0.0024212804, 0.0023389970
737.0000000000, 0.0024217484, 0.0023394590
738.0000000000, 0.0024222159, 0.0023399205
739.0000000000, 0.0024226828, 0.0023403816
740.0000000000, 0.0024231492, 0.0023408421
741.0000000000, 0.0024236151, 0.0023413020
742.0000000000, 0.0024240804, 0.0023417615
743.0000000000, 0.0024245452, 0.0023422204
744.0000000000, 0.0024250096, 0.0023426789
745.0000000000, 0.0024254733, 0.0023431368
746.0000000000, 0.0024259366, 0.0023435942
747.0000000000, 0.0024263993, 0.0023440511
748.0000000000, 0.0024268615, 0.0023445075
749.0000000000, 0.0024273232, 0.0023449634
750.0000000000, 0.0024277844, 0.0023454188
751.0000000000, 0.0024282451, 0.0023458737
752.0000000000, 0.0024287052, 0.0023463280
753.0000000000, 0.0024291649, 0.0023467819
754.0000000000, 0.0024296240, 0.0023472353
755.0000000000, 0.0024300826, 0.0023476881
756.0000000000, 0.0024305407, 0.0023481405
757.0000000000, 0.0024309983, 0.0023485924
758.0000000000, 0.0024314554, 0.0023490438
759.0000000000, 0.0024319120, 0.0023494946
760.0000000000, 0.0024323681, 0.0023499450
761.0000000000, 0.0024328236, 0.0023503949
762.0000000000, 0.0024332787, 0.0023508443
763.0000000000, 0.0024337333, 0.0023512932
764.0000000000, 0.0024341873, 0.0023517416
765.0000000000, 0.0024346409, 0.0023521896
766.0000000000, 0.0024350940, 0.0023526370
767.0000000000, 0.0024355465, 0.0023530840
768.0000000000, 0.0024359986, 0.0023535304
769.0000000000, 0.0024364502, 0.0023539764
770.0000000000, 0.0024369013, 0.0023544219
771.0000000000, 0.0024373519, 0.0023548669
772.0000000000, 0.0024378020, 0.0023553115
773.0000000000, 0.0024382516, 0.0023557555
774.0000000000, 0.0024387007, 0.0023561991
775.0000000000, 0.0024391493, 0.0023566422
776.0000000000, 0.0024395975, 0.0023570848
777.0000000000, 0.0024400451, 0.0023575270
778.0000000000, 0.0024404923, 0.0023579687
779.0000000000, 0.0024409390, 0.0023584099
780.0000000000, 0.0024413852, 0.0023588506
781.0000000000, 0.0024418309, 0.0023592908
782.0000000000, 0.0024422761, 0.0023597306
783.0000000000, 0.0024427209, 0.0023601699
784.0000000000, 0.0024431652, 0.0023606088
785.0000000000, 0.0024436090, 0.0023610472
786.0000000000, 0.0024440523, 0.0023614851
787.0000000000, 0.0024444951, 0.0023619225
788.0000000000, 0.0024449375, 0.0023623595
789.0000000000, 0.0024453794, 0.0023627960
790.0000000000, 0.0024458208, 0.0023632321
791.0000000000, 0.0024462618, 0.0023636677
792.0000000000, 0.0024467023, 0.0023641028
793.0000000000, 0.0024471423, 0.0023645375
794.0000000000, 0.0024475818, 0.0023649717
795.0000000000, 0.0024480209, 0.0023654054
796.0000000000, 0.0024484595, 0.0023658387
797.0000000000, 0.0024488976, 0.0023662716
798.0000000000, 0.0024493353, 0.0023667040
799.0000000000, 0.0024497725, 0.0023671359
800.0000000000, 0.0024502093, 0.0023675674
801.0000000000, 0.0024506456, 0.0023679984
802.0000000000, 0.0024510814, 0.0023684290
803.0000000000, 0.0024515168, 0.0023688591
804.0000000000, 0.0024519517, 0.0023692888
805.0000000000, 0.0024523861, 0.0023697180
806.0000000000, 0.0024528201, 0.0023701468
807.0000000000, 0.0024532536, 0.0023705752
808.0000000000, 0.0024536867, 0.0023710031
809.0000000000, 0.0024541193, 0.0023714305
810.0000000000, 0.0024545515, 0.0023718575
811.0000000000, 0.0024549832, 0.0023722841
812.0000000000, 0.0024554145, 0.0023727102
813.0000000000, 0.0024558453, 0.0023731359
814.0000000000, 0.0024562757, 0.0023735611
815.0000000000, 0.0024567056, 0.0023739859
816.0000000000, 0.0024571351, 0.0023744103
817.0000000000, 0.0024575641, 0.0023748342
818.0000000000, 0.0024579927, 0.0023752577
819.0000000000, 0.0024584208, 0.0023756808
820.0000000000, 0.0024588485, 0.0023761034
821.0000000000, 0.0024592757, 0.0023765256
822.0000000000, 0.0024597026, 0.0023769474
823.0000000000, 0.0024601289, 0.0023773687
824.0000000000, 0.0024605548, 0.0023777896
825.0000000000, 0.0024609803, 0.0023782101
826.0000000000, 0.0024614054, 0.0023786301
827.0000000000, 0.0024618300, 0.0023790498
828.0000000000, 0.0024622541, 0.0023794689
829.0000000000, 0.0024626779, 0.0023798877
830.0000000000, 0.0024631012, 0.0023803060
831.0000000000, 0.0024635240, 0.0023807240
832.0000000000, 0.0024639465, 0.0023811415
833.0000000000, 0.0024643685, 0.0023815585
834.0000000000, 0.0024647900, 0.0023819752
835.0000000000, 0.0024652112, 0.0023823914
836.0000000000, 0.0024656319, 0.0023828072
837.0000000000, 0.0024660522, 0.0023832226
838.0000000000, 0.0024664720, 0.0023836376
839.0000000000, 0.0024668914, 0.0023840521
840.0000000000, 0.0024673104, 0.0023844662
841.0000000000, 0.0024677290, 0.0023848800
842.0000000000, 0.0024681471, 0.0023852933
843.0000000000, 0.0024685649, 0.0023857062
844.0000000000, 0.0024689822, 0.0023861186
845.0000000000, 0.0024693990, 0.0023865307
846.0000000000, 0.0024698155, 0.0023869424
847.0000000000, 0.0024702315, 0.0023873536
848.0000000000, 0.0024706472, 0.0023877644
849.0000000000, 0.0024710624, 0.0023881749
850.0000000000, 0.0024714771, 0.0023885849
851.0000000000, 0.0024718915, 0.0023889945
852.0000000000, 0.0024723055, 0.0023894037
853.0000000000, 0.0024727190, 0.0023898125
854.0000000000, 0.0024731321, 0.0023902209
855.0000000000, 0.0024735448, 0.0023906289
856.0000000000, 0.0024739571, 0.0023910364
857.0000000000, 0.0024743690, 0.0023914436
858.0000000000, 0.0024747804, 0.0023918504
859.0000000000, 0.0024751915, 0.0023922568
860.0000000000, 0.0024756022, 0.0023926628
861.0000000000, 0.0024760124, 0.0023930683
862.0000000000, 0.0024764222, 0.0023934735
863.0000000000, 0.0024768316, 0.0023938783
864.0000000000, 0.0024772407, 0.0023942827
865.0000000000, 0.0024776493, 0.0023946867
866.0000000000, 0.0024780575, 0.0023950903
867.0000000000, 0.0024784653, 0.0023954935
868.0000000000, 0.0024788727, 0.0023958963
869.0000000000, 0.0024792797, 0.0023962987
870.0000000000, 0.0024796863, 0.0023967007
871.0000000000, 0.0024800925, 0.0023971024
872.0000000000, 0.0024804983, 0.0023975036
873.0000000000, 0.0024809037, 0.0023979044
874.0000000000, 0.0024813087, 0.0023983049
875.0000000000, 0.0024817133, 0.0023987050
876.0000000000, 0.0024821175, 0.0023991047
877.0000000000, 0.0024825213, 0.0023995040
878.0000000000, 0.0024829247, 0.0023999029
879.0000000000, 0.0024833277, 0.0024003014
880.0000000000, 0.0024837303, 0.0024006995
881.0000000000, 0.0024841326, 0.0024010973
882.0000000000, 0.0024845344, 0.0024014947
883.0000000000, 0.0024849358, 0.0024018917
884.0000000000, 0.0024853369, 0.0024022883
885.0000000000, 0.0024857375, 0.0024026845
886.0000000000, 0.0024861378, 0.0024030803
887.0000000000, 0.0024865377, 0.0024034758
888.0000000000, 0.0024869372, 0.0024038709
889.0000000000, 0.0024873363, 0.0024042656
890.0000000000, 0.0024877350, 0.0024046599
891.0000000000, 0.0024881334, 0.0024050539
892.0000000000, 0.0024885313, 0.0024054475
893.0000000000, 0.0024889289, 0.0024058407
894.0000000000, 0.0024893261, 0.0024062335
895.0000000000, 0.0024897229, 0.0024066260
896.0000000000, 0.0024901193, 0.0024070180
897.0000000000, 0.0024905153, 0.0024074098
898.0000000000, 0.0024909110, 0.0024078011
899.0000000000, 0.0024913063, 0.0024081921
900.0000000000, 0.0024917012, 0.0024085827
901.0000000000, 0.0024920957, 0.0024089729
902.0000000000, 0.0024924898, 0.0024093627
903.0000000000, 0.0024928836, 0.0024097522
904.0000000000, 0.0024932770, 0.0024101414
905.0000000000, 0.0024936700, 0.0024105301
906.0000000000, 0.0024940627, 0.0024109185
907.0000000000, 0.0024944549, 0.0024113065
908.0000000000, 0.0024948468, 0.0024116942
909.0000000000, 0.0024952383, 0.0024120815
910.0000000000, 0.0024956295, 0.0024124684
911.0000000000, 0.0024960202, 0.0024128550
912.0000000000, 0.0024964107, 0.0024132412
913.0000000000, 0.0024968007, 0.0024136270
914.0000000000, 0.0024971903, 0.0024140125
915.0000000000, 0.0024975796, 0.0024143976
916.0000000000, 0.0024979686, 0.0024147824
917.0000000000, 0.0024983571, 0.0024151668
918.0000000000, 0.0024987453, 0.0024155508
919.0000000000, 0.0024991332, 0.0024159345
920.0000000000, 0.0024995206, 0.0024163179
921.0000000000, 0.0024999077, 0.0024167008
922.0000000000, 0.0025002944, 0.0024170835
923.0000000000, 0.0025006808, 0.0024174657
924.0000000000, 0.0025010668, 0.0024178476
925.0000000000, 0.0025014525, 0.0024182292
926.0000000000, 0.0025018378, 0.0024186104
927.0000000000, 0.0025022227, 0.0024189913
928.0000000000, 0.0025026072, 0.0024193718
929.0000000000, 0.0025029914, 0.0024197519
930.0000000000, 0.0025033753, 0.0024201317
931.0000000000, 0.0025037588, 0.0024205112
932.0000000000, 0.0025041419, 0.0024208903
933.0000000000, 0.0025045247, 0.0024212690
934.0000000000, 0.0025049071, 0.0024216474
935.0000000000, 0.0025052892, 0.0024220255
936.0000000000, 0.0025056709, 0.0024224032
937.0000000000, 0.0025060522, 0.0024227806
938.0000000000, 0.0025064332, 0.0024231576
939.0000000000, 0.0025068139, 0.0024235343
940.0000000000, 0.0025071942, 0.0024239106
941.0000000000, 0.0025075741, 0.0024242866
942.0000000000, 0.0025079537, 0.0024246622
943.0000000000, 0.0025083329, 0.0024250375
944.0000000000, 0.0025087118, 0.0024254125
945.0000000000, 0.0025090904, 0.0024257871
946.0000000000, 0.0025094686, 0.0024261614
947.0000000000, 0.0025098464, 0.0024265353
948.0000000000, 0.0025102239, 0.0024269089
949.0000000000, 0.0025106011, 0.0024272822
950.0000000000, 0.0025109779, 0.0024276551
951.0000000000, 0.0025113543, 0.0024280277
952.0000000000, 0.0025117304, 0.0024284000
953.0000000000, 0.0025121062, 0.0024287719
954.0000000000, 0.0025124816, 0.0024291434
955.0000000000, 0.0025128567, 0.0024295147
956.0000000000, 0.0025132315, 0.0024298856
957.0000000000, 0.0025136059, 0.0024302562
958.0000000000, 0.0025139799, 0.0024306264
959.0000000000, 0.0025143537, 0.0024309963
960.0000000000, 0.0025147270, 0.0024313659
961.0000000000, 0.0025151001, 0.0024317351
962.0000000000, 0.0025154728, 0.0024321041
963.0000000000, 0.0025158451, 0.0024324727
964.0000000000, 0.0025162172, 0.0024328409
965.0000000000, 0.0025165889, 0.0024332088
966.0000000000, 0.0025169602, 0.0024335764
967.0000000000, 0.0025173312, 0.0024339437
968.0000000000, 0.0025177019, 0.0024343106
969.0000000000, 0.0025180723, 0.0024346773
970.0000000000, 0.0025184423, 0.0024350435
971.0000000000, 0.0025188120, 0.0024354095
972.0000000000, 0.0025191813, 0.0024357752
973.0000000000, 0.0025195503, 0.0024361405
974.0000000000, 0.0025199190, 0.0024365055
975.0000000000, 0.0025202874, 0.0024368701
976.0000000000, 0.0025206554, 0.0024372345
977.0000000000, 0.0025210231, 0.0024375985
978.0000000000, 0.0025213905, 0.0024379622
979.0000000000, 0.0025217575, 0.0024383256
980.0000000000, 0.0025221242, 0.0024386886
981.0000000000, 0.0025224906, 0.0024390514
982.0000000000, 0.0025228566, 0.0024394138
983.0000000000, 0.0025232224, 0.0024397759
984.0000000000, 0.0025235878, 0.0024401377
985.0000000000, 0.0025239528, 0.0024404991
986.0000000000, 0.0025243176, 0.0024408603
987.0000000000, 0.0025246820, 0.0024412211
988.0000000000, 0.0025250461, 0.0024415816
989.0000000000, 0.0025254099, 0.0024419418
990.0000000000, 0.0025257734, 0.0024423017
991.0000000000, 0.0025261365, 0.0024426613
992.0000000000, 0.0025264993, 0.0024430205
993.0000000000, 0.0025268618, 0.0024433795
994.0000000000, 0.0025272240, 0.0024437381
995.0000000000, 0.0025275858, 0.0024440964
996.0000000000, 0.0025279474, 0.0024444544
997.0000000000, 0.0025283086, 0.0024448121
998.0000000000, 0.0025286695, 0.0024451695
999.0000000000, 0.0025290301, 0.0024455266
1000.0000000000, 0.0025293903, 0.0024458833
1001.0000000000, 0.0025297503, 0.0024462398
1002.0000000000, 0.0025301099, 0.0024465959
1003.0000000000, 0.0025304692, 0.0024469517
1004.0000000000, 0.0025308282, 0.0024473073
1005.0000000000, 0.0025311869, 0.0024476625
1006.0000000000, 0.0025315453, 0.0024480174
1007.0000000000, 0.0025319034, 0.0024483720
1008.0000000000, 0.0025322611, 0.0024487263
1009.0000000000, 0.0025326185, 0.0024490803
1010.0000000000, 0.0025329757, 0.0024494340
1011.0000000000, 0.0025333325, 0.0024497874
1012.0000000000, 0.0025336890, 0.0024501405
1013.0000000000, 0.0025340452, 0.0024504933
1014.0000000000, 0.0025344010, 0.0024508457
1015.0000000000, 0.0025347566, 0.0024511979
1016.0000000000, 0.0025351119, 0.0024515498
1017.0000000000, 0.0025354668, 0.0024519014
1018.0000000000, 0.0025358215, 0.0024522526
1019.0000000000, 0.0025361758, 0.0024526036
1020.0000000000, 0.0025365299, 0.0024529543
1021.0000000000, 0.0025368836, 0.0024533047
1022.0000000000, 0.0025372370, 0.0024536547
1023.0000000000, 0.0025375902, 0.0024540045
1024.0000000000, 0.0025379430, 0.0024543540
1025.0000000000, 0.0025382955, 0.0024547032
1026.0000000000, 0.0025386477, 0.0024550521
1027.0000000000, 0.0025389996, 0.0024554007
1028.0000000000, 0.0025393512, 0.0024557489
1029.0000000000, 0.0025397025, 0.0024560969
1030.0000000000, 0.0025400535, 0.0024564447
1031.0000000000, 0.0025404042, 0.0024567921
1032.0000000000, 0.0025407546, 0.0024571392
1033.0000000000, 0.0025411047, 0.0024574860
1034.0000000000, 0.0025414545, 0.0024578325
1035.0000000000, 0.0025418040, 0.0024581788
1036.0000000000, 0.0025421532, 0.0024585247
1037.0000000000, 0.0025425021, 0.0024588704
1038.0000000000, 0.0025428507, 0.0024592158
1039.0000000000, 0.0025431990, 0.0024595608
1040.0000000000, 0.0025435470, 0.0024599056
1041.0000000000, 0.0025438948, 0.0024602501
1042.0000000000, 0.0025442422, 0.0024605943
1043.0000000000, 0.0025445893, 0.0024609382
1044.0000000000, 0.0025449362, 0.0024612819
1045.0000000000, 0.0025452827, 0.0024616252
1046.0000000000, 0.0025456289, 0.0024619683
1047.0000000000, 0.0025459749, 0.0024623110
1048.0000000000, 0.0025463206, 0.0024626535
1049.0000000000, 0.0025466659, 0.0024629957
1050.0000000000, 0.0025470110, 0.0024633376
1051.0000000000, 0.0025473558, 0.0024636793
1052.0000000000, 0.0025477003, 0.0024640206
1053.0000000000, 0.0025480445, 0.0024643617
1054.0000000000, 0.0025483884, 0.0024647025
1055.0000000000, 0.0025487320, 0.0024650430
1056.0000000000, 0.0025490754, 0.0024653832
1057.0000000000, 0.0025494184, 0.0024657231
1058.0000000000, 0.0025497612, 0.0024660627
1059.0000000000, 0.0025501037, 0.0024664021
1060.0000000000, 0.0025504459, 0.0024667412
1061.0000000000, 0.0025507878, 0.0024670800
1062.0000000000, 0.0025511294, 0.0024674185
1063.0000000000, 0.0025514707, 0.0024677568
1064.0000000000, 0.0025518117, 0.0024680948
1065.0000000000, 0.0025521525, 0.0024684325
1066.0000000000, 0.0025524930, 0.0024687699
1067.0000000000, 0.0025528332, 0.0024691070
1068.0000000000, 0.0025531731, 0.0024694439
1069.0000000000, 0.0025535127, 0.0024697805
1070.0000000000, 0.0025538521, 0.0024701168
1071.0000000000, 0.0025541911, 0.0024704528
1072.0000000000, 0.0025545299, 0.0024707885
1073.0000000000, 0.0025548684, 0.0024711240
1074.0000000000, 0.0025552066, 0.0024714592
1075.0000000000, 0.0025555446, 0.0024717942
1076.0000000000, 0.0025558822, 0.0024721288
1077.0000000000, 0.0025562196, 0.0024724632
1078.0000000000, 0.0025565567, 0.0024727973
1079.0000000000, 0.0025568936, 0.0024731312
1080.0000000000, 0.0025572301, 0.0024734647
1081.0000000000, 0.0025575664, 0.0024737980
1082.0000000000, 0.0025579024, 0.0024741311
1083.0000000000, 0.0025582381, 0.0024744638
1084.0000000000, 0.0025585735, 0.0024747963
1085.0000000000, 0.0025589087, 0.0024751285
1086.0000000000, 0.0025592436, 0.0024754605
1087.0000000000, 0.0025595782, 0.0024757922
1088.0000000000, 0.0025599125, 0.0024761236
1089.0000000000, 0.0025602466, 0.0024764547
1090.0000000000, 0.0025605804, 0.0024767856
1091.0000000000, 0.0025609139, 0.0024771162
1092.0000000000, 0.0025612472, 0.0024774466
1093.0000000000, 0.0025615802, 0.0024777766
1094.0000000000, 0.0025619129, 0.0024781064
1095.0000000000, 0.0025622453, 0.0024784360
1096.0000000000, 0.0025625775, 0.0024787653
1097.0000000000, 0.0025629094, 0.0024790943
1098.0000000000, 0.0025632410, 0.0024794230
1099.0000000000, 0.0025635723, 0.0024797515
1100.0000000000, 0.0025639034, 0.0024800798
1101.0000000000, 0.0025642342, 0.0024804077
1102.0000000000, 0.0025645648, 0.0024807354
1103.0000000000, 0.0025648951, 0.0024810629
1104.0000000000, 0.0025652251, 0.0024813900
1105.0000000000, 0.0025655548, 0.0024817169
1106.0000000000, 0.0025658843, 0.0024820436
1107.0000000000, 0.0025662135, 0.0024823700
1108.0000000000, 0.0025665425, 0.0024826961
1109.0000000000, 0.0025668712, 0.0024830220
1110.0000000000, 0.0025671996, 0.0024833476
1111.0000000000, 0.0025675277, 0.0024836730
1112.0000000000, 0.0025678556, 0.0024839981
1113.0000000000, 0.0025681833, 0.0024843229
1114.0000000000, 0.0025685106, 0.0024846475
1115.0000000000, 0.0025688377, 0.0024849718
1116.0000000000, 0.0025691646, 0.0024852959
1117.0000000000, 0.0025694911, 0.0024856197
1118.0000000000, 0.0025698174, 0.0024859432
1119.0000000000, 0.0025701435, 0.0024862665
1120.0000000000, 0.0025704693, 0.0024865896
1121.0000000000, 0.0025707948, 0.0024869124
1122.0000000000, 0.0025711201, 0.0024872349
1123.0000000000, 0.0025714451, 0.0024875572
1124.0000000000, 0.0025717699, 0.0024878792
1125.0000000000, 0.0025720944, 0.0024882010
1126.0000000000, 0.0025724186, 0.0024885225
1127.0000000000, 0.0025727426, 0.0024888438
1128.0000000000, 0.0025730663, 0.0024891648
1129.0000000000, 0.0025733898, 0.0024894856
1130.0000000000, 0.0025737130, 0.0024898061
1131.0000000000, 0.0025740359, 0.0024901263
1132.0000000000, 0.0025743586, 0.0024904463
1133.0000000000, 0.0025746810, 0.0024907661
1134.0000000000, 0.0025750032, 0.0024910856
1135.0000000000, 0.0025753252, 0.0024914049
1136.0000000000, 0.0025756468, 0.0024917239
1137.0000000000, 0.0025759682, 0.0024920426
1138.0000000000, 0.0025762894, 0.0024923612
1139.0000000000, 0.0025766103, 0.0024926794
1140.0000000000, 0.0025769310, 0.0024929974
1141.0000000000, 0.0025772514, 0.0024933152
1142.0000000000, 0.0025775716, 0.0024936327
1143.0000000000, 0.0025778915, 0.0024939500
1144.0000000000, 0.0025782111, 0.0024942670
1145.0000000000, 0.0025785305, 0.0024945838
1146.0000000000, 0.0025788497, 0.0024949004
1147.0000000000, 0.0025791686, 0.0024952167
1148.0000000000, 0.0025794872, 0.0024955327
1149.0000000000, 0.0025798056, 0.0024958485
1150.0000000000, 0.0025801238, 0.0024961641
1151.0000000000, 0.0025804417, 0.0024964794
1152.0000000000, 0.0025807593, 0.0024967945
1153.0000000000, 0.0025810767, 0.0024971093
1154.0000000000, 0.0025813939, 0.0024974239
1155.0000000000, 0.0025817108, 0.0024977382
1156.0000000000, 0.0025820275, 0.0024980524
1157.0000000000, 0.0025823439, 0.0024983662
1158.0000000000, 0.0025826601, 0.0024986798
1159.0000000000, 0.0025829760, 0.0024989932
1160.0000000000, 0.0025832917, 0.0024993064
1161.0000000000, 0.0025836071, 0.0024996193
1162.0000000000, 0.0025839223, 0.0024999319
1163.0000000000, 0.0025842373, 0.0025002444
1164.0000000000, 0.0025845520, 0.0025005565
1165.0000000000, 0.0025848664, 0.0025008685
1166.0000000000, 0.0025851806, 0.0025011802
1167.0000000000, 0.0025854946, 0.0025014917
1168.0000000000, 0.0025858083, 0.0025018029
1169.0000000000, 0.0025861218, 0.0025021139
1170.0000000000, 0.0025864351, 0.0025024247
1171.0000000000, 0.0025867481, 0.0025027352
1172.0000000000, 0.0025870609, 0.0025030455
1173.0000000000, 0.0025873734, 0.0025033555
1174.0000000000, 0.0025876857, 0.0025036653
1175.0000000000, 0.0025879977, 0.0025039749
1176.0000000000, 0.0025883095, 0.0025042843
1177.0000000000, 0.0025886211, 0.0025045934
1178.0000000000, 0.0025889324, 0.0025049022
1179.0000000000, 0.0025892435, 0.0025052109
1180.0000000000, 0.0025895544, 0.0025055193
1181.0000000000, 0.0025898650, 0.0025058275
1182.0000000000, 0.0025901754, 0.0025061354
1183.0000000000, 0.0025904855, 0.0025064431
1184.0000000000, 0.0025907954, 0.0025067506
1185.0000000000, 0.0025911051, 0.0025070578
1186.0000000000, 0.0025914145, 0.0025073649
1187.0000000000, 0.0025917237, 0.0025076717
1188.0000000000, 0.0025920326, 0.0025079782
1189.0000000000, 0.0025923414, 0.0025082845
1190.0000000000, 0.0025926499, 0.0025085906
1191.0000000000, 0.0025929581, 0.0025088965
1192.0000000000, 0.0025932661, 0.0025092021
1193.0000000000, 0.0025935739, 0.0025095075
1194.0000000000, 0.0025938815, 0.0025098127
1195.0000000000, 0.0025941888, 0.0025101177
1196.0000000000, 0.0025944959, 0.0025104224
1197.0000000000, 0.0025948028, 0.0025107269
1198.0000000000, 0.0025951094, 0.0025110311
1199.0000000000, 0.0025954158, 0.0025113352
1200.0000000000, 0.0025957219, 0.0025116390
1201.0000000000, 0.0025960279, 0.0025119426
1202.0000000000, 0.0025963336, 0.0025122459
1203.0000000000, 0.0025966390, 0.0025125491
1204.0000000000, 0.0025969443, 0.0025128520
1205.0000000000, 0.0025972493, 0.0025131547
1206.0000000000, 0.0025975541, 0.0025134571
1207.0000000000, 0.0025978586, 0.0025137594
1208.0000000000, 0.0025981630, 0.0025140614
1209.0000000000, 0.0025984670, 0.0025143632
1210.0000000000, 0.0025987709, 0.0025146647
1211.0000000000, 0.0025990746, 0.0025149661
1212.0000000000, 0.0025993780, 0.0025152672
1213.0000000000, 0.0025996812, 0.0025155681
1214.0000000000, 0.0025999841, 0.0025158688
1215.0000000000, 0.0026002869, 0.0025161692
1216.0000000000, 0.0026005894, 0.0025164694
1217.0000000000, 0.0026008916, 0.0025167694
1218.0000000000, 0.0026011937, 0.0025170692
1219.0000000000, 0.0026014955, 0.0025173688
1220.0000000000, 0.0026017971, 0.0025176682
1221.0000000000, 0.0026020985, 0.0025179673
1222.0000000000, 0.0026023997, 0.0025182662
1223.0000000000, 0.0026027006, 0.0025185649
1224.0000000000, 0.0026030013, 0.0025188633
1225.0000000000, 0.0026033018, 0.0025191616
1226.0000000000, 0.0026036021, 0.0025194596
1227.0000000000, 0.0026039021, 0.0025197574
1228.0000000000, 0.0026042020, 0.0025200550
1229.0000000000, 0.0026045016, 0.0025203524
1230.0000000000, 0.0026048009, 0.0025206496
1231.0000000000, 0.0026051001, 0.0025209465
1232.0000000000, 0.0026053990, 0.0025212433
1233.0000000000, 0.0026056978, 0.0025215398
1234.0000000000, 0.0026059963, 0.0025218361
1235.0000000000, 0.0026062945, 0.0025221321
1236.0000000000, 0.0026065926, 0.0025224280
1237.0000000000, 0.0026068904, 0.0025227237
1238.0000000000, 0.0026071880, 0.0025230191
1239.0000000000, 0.0026074854, 0.0025233143
1240.0000000000, 0.0026077826, 0.0025236093
1241.0000000000, 0.0026080796, 0.0025239041
1242.0000000000, 0.0026083763, 0.0025241987
1243.0000000000, 0.0026086729, 0.0025244931
1244.0000000000, 0.0026089692, 0.0025247872
1245.0000000000, 0.0026092653, 0.0025250812
1246.0000000000, 0.0026095612, 0.0025253749
1247.0000000000, 0.0026098568, 0.0025256684
1248.0000000000, 0.0026101523, 0.0025259617
1249.0000000000, 0.0026104475, 0.0025262548
1250.0000000000, 0.0026107425, 0.0025265477
1251.0000000000, 0.0026110373, 0.0025268404
1252.0000000000, 0.0026113319, 0.0025271328
1253.0000000000, 0.0026116263, 0.0025274251
1254.0000000000, 0.0026119204, 0.0025277171
1255.0000000000, 0.0026122144, 0.0025280089
1256.0000000000, 0.0026125081, 0.0025283006
1257.0000000000, 0.0026128016, 0.0025285920
1258.0000000000, 0.0026130950, 0.0025288832
1259.0000000000, 0.0026133880, 0.0025291742
1260.0000000000, 0.0026136809, 0.0025294650
1261.0000000000, 0.0026139736, 0.0025297555
1262.0000000000, 0.0026142661, 0.0025300459
1263.0000000000, 0.0026145583, 0.0025303361
1264.0000000000, 0.0026148503, 0.0025306260
1265.0000000000, 0.0026151422, 0.0025309158
1266.0000000000, 0.0026154338, 0.0025312053
1267.0000000000, 0.0026157252, 0.0025314947
1268.0000000000, 0.0026160164, 0.0025317838
1269.0000000000, 0.0026163074, 0.0025320727
1270.0000000000, 0.0026165981, 0.0025323614
1271.0000000000, 0.0026168887, 0.0025326500
1272.0000000000, 0.0026171791, 0.0025329383
1273.0000000000, 0.0026174692, 0.0025332264
1274.0000000000, 0.0026177592, 0.0025335143
1275.0000000000, 0.0026180489, 0.0025338020
1276.0000000000, 0.0026183384, 0.0025340895
1277.0000000000, 0.0026186277, 0.0025343768
1278.0000000000, 0.0026189169, 0.0025346638
1279.0000000000, 0.0026192058, 0.0025349507
1280.0000000000, 0.0026194945, 0.0025352374
1281.0000000000, 0.0026197830, 0.0025355239
1282.0000000000, 0.0026200712, 0.0025358102
1283.0000000000, 0.0026203593, 0.0025360962
1284.0000000000, 0.0026206472, 0.0025363821
1285.0000000000, 0.0026209349, 0.0025366678
1286.0000000000, 0.0026212223, 0.0025369533
1287.0000000000, 0.0026215096, 0.0025372385
1288.0000000000, 0.0026217967, 0.0025375236
1289.0000000000, 0.0026220835, 0.0025378085
1290.0000000000, 0.0026223702, 0.0025380932
1291.0000000000, 0.0026226566, 0.0025383776
1292.0000000000, 0.0026229429, 0.0025386619
1293.0000000000, 0.0026232289, 0.0025389460
1294.0000000000, 0.0026235147, 0.0025392298
1295.0000000000, 0.0026238004, 0.0025395135
1296.0000000000, 0.0026240858, 0.0025397970
1297.0000000000, 0.0026243711, 0.0025400803
1298.0000000000, 0.0026246561, 0.0025403634
1299.0000000000, 0.0026249409, 0.0025406463
1300.0000000000, 0.0026252256, 0.0025409289
1301.0000000000, 0.0026255100, 0.0025412114
1302.0000000000, 0.0026257942, 0.0025414937
1303.0000000000, 0.0026260782, 0.0025417758
1304.0000000000, 0.0026263621, 0.0025420577
1305.0000000000, 0.0026266457, 0.0025423394
1306.0000000000, 0.0026269291, 0.0025426209
1307.0000000000, 0.0026272124, 0.0025429023
1308.0000000000, 0.0026274954, 0.0025431834
1309.0000000000, 0.0026277783, 0.0025434643
1310.0000000000, 0.0026280609, 0.0025437450
1311.0000000000, 0.0026283433, 0.0025440256
1312.0000000000, 0.0026286256, 0.0025443059
1313.0000000000, 0.0026289076, 0.0025445861
1314.0000000000, 0.0026291895, 0.0025448660
1315.0000000000, 0.0026294711, 0.0025451458
1316.0000000000, 0.0026297526, 0.0025454254
1317.0000000000, 0.0026300338, 0.0025457047
1318.0000000000, 0.0026303149, 0.0025459839
1319.0000000000, 0.0026305958, 0.0025462629
1320.0000000000, 0.0026308764, 0.0025465417
1321.0000000000, 0.0026311569, 0.0025468203
1322.0000000000, 0.0026314372, 0.0025470987
1323.0000000000, 0.0026317173, 0.0025473770
1324.0000000000, 0.0026319972, 0.0025476550
1325.0000000000, 0.0026322769, 0.0025479328
1326.0000000000, 0.0026325564, 0.0025482105
1327.0000000000, 0.0026328357, 0.0025484880
1328.0000000000, 0.0026331148, 0.0025487652
1329.0000000000, 0.0026333938, 0.0025490423
1330.0000000000, 0.0026336725, 0.0025493192
1331.0000000000, 0.0026339510, 0.0025495959
1332.0000000000, 0.0026342294, 0.0025498724
1333.0000000000, 0.0026345075, 0.0025501488
1334.0000000000, 0.0026347855, 0.0025504249
1335.0000000000, 0.0026350633, 0.0025507009
1336.0000000000, 0.0026353409, 0.0025509766
1337.0000000000, 0.0026356183, 0.0025512522
1338.0000000000, 0.0026358955, 0.0025515276
1339.0000000000, 0.0026361725, 0.0025518028
1340.0000000000, 0.0026364493, 0.0025520778
1341.0000000000, 0.0026367259, 0.0025523526
1342.0000000000, 0.0026370024, 0.0025526273
1343.0000000000, 0.0026372786, 0.0025529017
1344.0000000000, 0.0026375547, 0.0025531760
1345.0000000000, 0.0026378305, 0.0025534501
1346.0000000000, 0.0026381062, 0.0025537240
1347.0000000000, 0.0026383817, 0.0025539977
1348.0000000000, 0.0026386570, 0.0025542712
1349.0000000000, 0.0026389322, 0.0025545446
1350.0000000000, 0.0026392071, 0.0025548177
1351.0000000000, 0.0026394818, 0.0025550907
1352.0000000000, 0.0026397564, 0.0025553635
1353.0000000000, 0.0026400308, 0.0025556361
1354.0000000000, 0.0026403049, 0.0025559085
1355.0000000000, 0.0026405789, 0.0025561808
1356.0000000000, 0.0026408527, 0.0025564528
1357.0000000000, 0.0026411264, 0.0025567247
1358.0000000000, 0.0026413998, 0.0025569964
1359.0000000000, 0.0026416731, 0.0025572679
1360.0000000000, 0.0026419461, 0.0025575392
1361.0000000000, 0.0026422190, 0.0025578104
1362.0000000000, 0.0026424917, 0.0025580813
1363.0000000000, 0.0026427642, 0.0025583521
1364.0000000000, 0.0026430366, 0.0025586227
1365.0000000000, 0.0026433087, 0.0025588931
1366.0000000000, 0.0026435807, 0.0025591634
1367.0000000000, 0.0026438524, 0.0025594334
1368.0000000000, 0.0026441240, 0.0025597033
1369.0000000000, 0.0026443955, 0.0025599730
1370.0000000000, 0.0026446667, 0.0025602425
1371.0000000000, 0.0026449377, 0.0025605119
1372.0000000000, 0.0026452086, 0.0025607810
1373.0000000000, 0.0026454793, 0.0025610500
1374.0000000000, 0.0026457498, 0.0025613188
1375.0000000000, 0.0026460201, 0.0025615874
1376.0000000000, 0.0026462902, 0.0025618559
1377.0000000000, 0.0026465602, 0.0025621241
1378.0000000000, 0.0026468300, 0.0025623922
1379.0000000000, 0.0026470996, 0.0025626602
1380.0000000000, 0.0026473690, 0.0025629279
1381.0000000000, 0.0026476382, 0.0025631954
1382.0000000000, 0.0026479073, 0.0025634628
1383.0000000000, 0.0026481761, 0.0025637300
1384.0000000000, 0.0026484448, 0.0025639971
1385.0000000000, 0.0026487133, 0.0025642639
1386.0000000000, 0.0026489817, 0.0025645306
1387.0000000000, 0.0026492498, 0.0025647971
1388.0000000000, 0.0026495178, 0.0025650634
1389.0000000000, 0.0026497856, 0.0025653295
1390.0000000000, 0.0026500532, 0.0025655955
1391.0000000000, 0.0026503207, 0.0025658613
1392.0000000000, 0.0026505879, 0.0025661269
1393.0000000000, 0.0026508550, 0.0025663924
1394.0000000000, 0.0026511219, 0.0025666577
1395.0000000000, 0.0026513887, 0.0025669228
1396.0000000000, 0.0026516552, 0.0025671877
1397.0000000000, 0.0026519216, 0.0025674524
1398.0000000000, 0.0026521878, 0.0025677170
1399.0000000000, 0.0026524539, 0.0025679814
1400.0000000000, 0.0026527197, 0.0025682457
1401.0000000000, 0.0026529854, 0.0025685097
1402.0000000000, 0.0026532509, 0.0025687736
1403.0000000000, 0.0026535162, 0.0025690373
1404.0000000000, 0.0026537814, 0.0025693009
1405.0000000000, 0.0026540463, 0.0025695642
1406.0000000000, 0.0026543111, 0.0025698274
1407.0000000000, 0.0026545758, 0.0025700905
1408.0000000000, 0.0026548402, 0.0025703533
1409.0000000000, 0.0026551045, 0.0025706160
1410.0000000000, 0.0026553686, 0.0025708785
1411.0000000000, 0.0026556325, 0.0025711409
1412.0000000000, 0.0026558963, 0.0025714030
1413.0000000000, 0.0026561599, 0.0025716650
1414.0000000000, 0.0026564233, 0.0025719269
1415.0000000000, 0.0026566865, 0.0025721885
1416.0000000000, 0.0026569496, 0.0025724500
1417.0000000000, 0.0026572125, 0.0025727114
1418.0000000000, 0.0026574752, 0.0025729725
1419.0000000000, 0.0026577378, 0.0025732335
1420.0000000000, 0.0026580002, 0.0025734943
1421.0000000000, 0.0026582624, 0.0025737550
1422.0000000000, 0.0026585244, 0.0025740155
1423.0000000000, 0.0026587863, 0.0025742758
1424.0000000000, 0.0026590480, 0.0025745359
1425.0000000000, 0.0026593095, 0.0025747959
1426.0000000000, 0.0026595709, 0.0025750557
1427.0000000000, 0.0026598321, 0.0025753154
1428.0000000000, 0.0026600931, 0.0025755748
1429.0000000000, 0.0026603539, 0.0025758341
1430.0000000000, 0.0026606146, 0.0025760933
1431.0000000000, 0.0026608751, 0.0025763523
1432.0000000000, 0.0026611355, 0.0025766111
1433.0000000000, 0.0026613956, 0.0025768697
1434.0000000000, 0.0026616557, 0.0025771282
1435.0000000000, 0.0026619155, 0.0025773865
1436.0000000000, 0.0026621752, 0.0025776447
1437.0000000000, 0.0026624347, 0.0025779026
1438.0000000000, 0.0026626940, 0.0025781605
1439.0000000000, 0.0026629532, 0.0025784181
1440.0000000000, 0.0026632122, 0.0025786756
1441.0000000000, 0.0026634710, 0.0025789329
1442.0000000000, 0.0026637297, 0.0025791901
1443.0000000000, 0.0026639882, 0.0025794471
1444.0000000000, 0.0026642465, 0.0025797039
1445.0000000000, 0.0026645047, 0.0025799606
1446.0000000000, 0.0026647627, 0.0025802171
1447.0000000000, 0.0026650205, 0.0025804734
1448.0000000000, 0.0026652782, 0.0025807296
1449.0000000000, 0.0026655357, 0.0025809856
1450.0000000000, 0.0026657930, 0.0025812415
1451.0000000000, 0.0026660502, 0.0025814972
1452.0000000000, 0.0026663072, 0.0025817527
1453.0000000000, 0.0026665640, 0.0025820081
1454.0000000000, 0.0026668207, 0.0025822633
1455.0000000000, 0.0026670772, 0.0025825183
1456.0000000000, 0.0026673336, 0.0025827732
1457.0000000000, 0.0026675898, 0.0025830279
1458.0000000000, 0.0026678458, 0.0025832825
1459.0000000000, 0.0026681017, 0.0025835369
1460.0000000000, 0.0026683573, 0.0025837911
1461.0000000000, 0.0026686129, 0.0025840452
1462.0000000000, 0.0026688683, 0.0025842991
1463.0000000000, 0.0026691235, 0.0025845529
1464.0000000000, 0.0026693785, 0.0025848065
1465.0000000000, 0.0026696334, 0.0025850599
1466.0000000000, 0.0026698881, 0.0025853132
1467.0000000000, 0.0026701427, 0.0025855663
1468.0000000000, 0.0026703971, 0.0025858193
1469.0000000000, 0.0026706513, 0.0025860721
1470.0000000000, 0.0026709054, 0.0025863248
1471.0000000000, 0.0026711593, 0.0025865772
1472.0000000000, 0.0026714131, 0.0025868296
1473.0000000000, 0.0026716667, 0.0025870817
1474.0000000000, 0.0026719201, 0.0025873338
1475.0000000000, 0.0026721734, 0.0025875856
1476.0000000000, 0.0026724265, 0.0025878373
1477.0000000000, 0.0026726795, 0.0025880889
1478.0000000000, 0.0026729323, 0.0025883402
1479.0000000000, 0.0026731849, 0.0025885915
1480.0000000000, 0.0026734374, 0.0025888425
1481.0000000000, 0.0026736897, 0.0025890935
1482.0000000000, 0.0026739419, 0.0025893442
1483.0000000000, 0.0026741939, 0.0025895948
1484.0000000000, 0.0026744457, 0.0025898453
1485.0000000000, 0.0026746974, 0.0025900956
1486.0000000000, 0.0026749489, 0.0025903457
1487.0000000000, 0.0026752003, 0.0025905957
1488.0000000000, 0.0026754515, 0.0025908455
1489.0000000000, 0.0026757026, 0.0025910952
1490.0000000000, 0.0026759535, 0.0025913447
1491.0000000000, 0.0026762042, 0.0025915940
1492.0000000000, 0.0026764548, 0.0025918432
1493.0000000000, 0.0026767052, 0.0025920923
1494.0000000000, 0.0026769555, 0.0025923412
1495.0000000000, 0.0026772056, 0.0025925899
1496.0000000000, 0.0026774556, 0.0025928385
1497.0000000000, 0.0026777054, 0.0025930870
1498.0000000000, 0.0026779550, 0.0025933352
1499.0000000000, 0.0026782045, 0.0025935834
1500.0000000000, 0.0026784539, 0.0025938314
1501.0000000000, 0.0026787031, 0.0025940792
1502.0000000000, 0.0026789521, 0.0025943268
1503.0000000000, 0.0026792010, 0.0025945744
1504.0000000000, 0.0026794497, 0.0025948217
1505.0000000000, 0.0026796982, 0.0025950690
1506.0000000000, 0.0026799467, 0.0025953160
1507.0000000000, 0.0026801949, 0.0025955629
1508.0000000000, 0.0026804430, 0.0025958097
1509.0000000000, 0.0026806910, 0.0025960563
1510.0000000000, 0.0026809388, 0.0025963028
1511.0000000000, 0.0026811864, 0.0025965491
1512.0000000000, 0.0026814339, 0.0025967952
1513.0000000000, 0.0026816812, 0.0025970412
1514.0000000000, 0.0026819284, 0.0025972871
1515.0000000000, 0.0026821754, 0.0025975328
1516.0000000000, 0.0026824223, 0.0025977783
1517.0000000000, 0.0026826691, 0.0025980237
1518.0000000000, 0.0026829156, 0.0025982690
1519.0000000000, 0.0026831621, 0.0025985141
1520.0000000000, 0.0026834083, 0.0025987591
1521.0000000000, 0.0026836544, 0.0025990039
1522.0000000000, 0.0026839004, 0.0025992485
1523.0000000000, 0.0026841462, 0.0025994930
1524.0000000000, 0.0026843919, 0.0025997374
1525.0000000000, 0.0026846374, 0.0025999816
1526.0000000000, 0.0026848828, 0.0026002257
1527.0000000000, 0.0026851280, 0.0026004696
1528.0000000000, 0.0026853731, 0.0026007134
1529.0000000000, 0.0026856180, 0.0026009570
1530.0000000000, 0.0026858627, 0.0026012004
1531.0000000000, 0.0026861074, 0.0026014438
1532.0000000000, 0.0026863518, 0.0026016869
1533.0000000000, 0.0026865962, 0.0026019300
1534.0000000000, 0.0026868403, 0.0026021729
1535.0000000000, 0.0026870843, 0.0026024156
1536.0000000000, 0.0026873282, 0.0026026582
1537.0000000000, 0.0026875719, 0.0026029006
1538.0000000000, 0.0026878155, 0.0026031429
1539.0000000000, 0.0026880589, 0.0026033851
1540.0000000000, 0.0026883022, 0.0026036271
1541.0000000000, 0.0026885453, 0.0026038689
1542.0000000000, 0.0026887883, 0.0026041107
1543.0000000000, 0.0026890312, 0.0026043522
1544.0000000000, 0.0026892739, 0.0026045937
1545.0000000000, 0.0026895164, 0.0026048349
1546.0000000000, 0.0026897588, 0.0026050761
1547.0000000000, 0.0026900010, 0.0026053171
1548.0000000000, 0.0026902431, 0.0026055579
1549.0000000000, 0.0026904851, 0.0026057986
1550.0000000000, 0.0026907269, 0.0026060392
1551.0000000000, 0.0026909686, 0.0026062796
1552.0000000000, 0.0026912101, 0.0026065198
1553.0000000000, 0.0026914514, 0.0026067600
1554.0000000000, 0.0026916927, 0.0026069999
1555.0000000000, 0.0026919337, 0.0026072398
1556.0000000000, 0.0026921747, 0.0026074795
1557.0000000000, 0.0026924155, 0.0026077190
1558.0000000000, 0.0026926561, 0.0026079584
1559.0000000000, 0.0026928966, 0.0026081977
1560.0000000000, 0.0026931370, 0.0026084368
1561.0000000000, 0.0026933772, 0.0026086758
1562.0000000000, 0.0026936172, 0.0026089147
1563.0000000000, 0.0026938572, 0.0026091534
1564.0000000000, 0.0026940969, 0.0026093919
1565.0000000000, 0.0026943366, 0.0026096303
1566.0000000000, 0.0026945761, 0.0026098686
1567.0000000000, 0.0026948154, 0.0026101067
1568.0000000000, 0.0026950546, 0.0026103447
1569.0000000000, 0.0026952937, 0.0026105826
1570.0000000000, 0.0026955326, 0.0026108203
1571.0000000000, 0.0026957714, 0.0026110578
1572.0000000000, 0.0026960100, 0.0026112953
1573.0000000000, 0.0026962485, 0.0026115326
1574.0000000000, 0.0026964868, 0.0026117697
1575.0000000000, 0.0026967251, 0.0026120067
1576.0000000000, 0.0026969631, 0.0026122436
1577.0000000000, 0.0026972010, 0.0026124803
1578.0000000000, 0.0026974388, 0.0026127169
1579.0000000000, 0.0026976765, 0.0026129533
1580.0000000000, 0.0026979140, 0.0026131896
1581.0000000000, 0.0026981513, 0.0026134258
1582.0000000000, 0.0026983885, 0.0026136618
1583.0000000000, 0.0026986256, 0.0026138977
1584.0000000000, 0.0026988625, 0.0026141335
1585.0000000000, 0.0026990993, 0.0026143691
1586.0000000000, 0.0026993360, 0.0026146046
1587.0000000000, 0.0026995725, 0.0026148399
1588.0000000000, 0.0026998089, 0.0026150751
1589.0000000000, 0.0027000451, 0.0026153102
1590.0000000000, 0.0027002812, 0.0026155451
1591.0000000000, 0.0027005172, 0.0026157799
1592.0000000000, 0.0027007530, 0.0026160145
1593.0000000000, 0.0027009887, 0.0026162490
1594.0000000000, 0.0027012242, 0.0026164834
1595.0000000000, 0.0027014596, 0.0026167177
1596.0000000000, 0.0027016949, 0.0026169518
1597.0000000000, 0.0027019300, 0.0026171857
1598.0000000000, 0.0027021650, 0.0026174195
1599.0000000000, 0.0027023998, 0.0026176532
1600.0000000000, 0.0027026345, 0.0026178868
1601.0000000000, 0.0027028691, 0.0026181202
1602.0000000000, 0.0027031035, 0.0026183535
1603.0000000000, 0.0027033378, 0.0026185866
1604.0000000000, 0.0027035720, 0.0026188197
1605.0000000000, 0.0027038060, 0.0026190525
1606.0000000000, 0.0027040399, 0.0026192853
1607.0000000000, 0.0027042736, 0.0026195179
1608.0000000000, 0.0027045072, 0.0026197504
1609.0000000000, 0.0027047407, 0.0026199827
1610.0000000000, 0.0027049740, 0.0026202149
1611.0000000000, 0.0027052072, 0.0026204470
1612.0000000000, 0.0027054403, 0.0026206789
1613.0000000000, 0.0027056732, 0.0026209107
1614.0000000000, 0.0027059060, 0.0026211424
1615.0000000000, 0.0027061387, 0.0026213739
1616.0000000000, 0.0027063712, 0.0026216053
1617.0000000000, 0.0027066036, 0.0026218366
1618.0000000000, 0.0027068358, 0.0026220677
1619.0000000000, 0.0027070680, 0.0026222987
1620.0000000000, 0.0027072999, 0.0026225296
1621.0000000000, 0.0027075318, 0.0026227603
1622.0000000000, 0.0027077635, 0.0026229909
1623.0000000000, 0.0027079951, 0.0026232213
1624.0000000000, 0.0027082265, 0.0026234517
1625.0000000000, 0.0027084578, 0.0026236819
1626.0000000000, 0.0027086890, 0.0026239120
1627.0000000000, 0.0027089200, 0.0026241419
1628.0000000000, 0.0027091509, 0.0026243717
1629.0000000000, 0.0027093817, 0.0026246014
1630.0000000000, 0.0027096124, 0.0026248309
1631.0000000000, 0.0027098429, 0.0026250603
1632.0000000000, 0.0027100732, 0.0026252896
1633.0000000000, 0.0027103035, 0.0026255188
1634.0000000000, 0.0027105336, 0.0026257478
1635.0000000000, 0.0027107636, 0.0026259767
1636.0000000000, 0.0027109934, 0.0026262054
1637.0000000000, 0.0027112231, 0.0026264340
1638.0000000000, 0.0027114527, 0.0026266625
1639.0000000000, 0.0027116821, 0.0026268909
1640.0000000000, 0.0027119115, 0.0026271191
1641.0000000000, 0.0027121406, 0.0026273472
1642.0000000000, 0.0027123697, 0.0026275752
1643.0000000000, 0.0027125986, 0.0026278030
1644.0000000000, 0.0027128274, 0.0026280308
1645.0000000000, 0.0027130561, 0.0026282583
1646.0000000000, 0.0027132846, 0.0026284858
1647.0000000000, 0.0027135130, 0.0026287131
1648.0000000000, 0.0027137412, 0.0026289403
1649.0000000000, 0.0027139694, 0.0026291674
1650.0000000000, 0.0027141974, 0.0026293943
1651.0000000000, 0.0027144252, 0.0026296211
1652.0000000000, 0.0027146530, 0.0026298478
1653.0000000000, 0.0027148806, 0.0026300744
1654.0000000000, 0.0027151081, 0.0026303008
1655.0000000000, 0.0027153354, 0.0026305271
1656.0000000000, 0.0027155627, 0.0026307533
1657.0000000000, 0.0027157898, 0.0026309793
1658.0000000000, 0.0027160167, 0.0026312052
1659.0000000000, 0.0027162436, 0.0026314310
1660.0000000000, 0.0027164703, 0.0026316567
1661.0000000000, 0.0027166968, 0.0026318822
1662.0000000000, 0.0027169233, 0.0026321076
1663.0000000000, 0.0027171496, 0.0026323329
1664.0000000000, 0.0027173758, 0.0026325581
1665.0000000000, 0.0027176019, 0.0026327831
1666.0000000000, 0.0027178278, 0.0026330080
1667.0000000000, 0.0027180536, 0.0026332328
1668.0000000000, 0.0027182793, 0.0026334574
1669.0000000000, 0.0027185048, 0.0026336819
1670.0000000000, 0.0027187303, 0.0026339063
1671.0000000000, 0.0027189556, 0.0026341306
1672.0000000000, 0.0027191807, 0.0026343547
1673.0000000000, 0.0027194058, 0.0026345788
1674.0000000000, 0.0027196307, 0.0026348026
1675.0000000000, 0.0027198555, 0.0026350264
1676.0000000000, 0.0027200801, 0.0026352501
1677.0000000000, 0.0027203047, 0.0026354736
1678.0000000000, 0.0027205291, 0.0026356970
1679.0000000000, 0.0027207534, 0.0026359202
1680.0000000000, 0.0027209775, 0.0026361434
1681.0000000000, 0.0027212016, 0.0026363664
1682.0000000000, 0.0027214255, 0.0026365893
1683.0000000000, 0.0027216492, 0.0026368121
1684.0000000000, 0.0027218729, 0.0026370347
1685.0000000000, 0.0027220964, 0.0026372572
1686.0000000000, 0.0027223198, 0.0026374796
1687.0000000000, 0.0027225431, 0.0026377019
1688.0000000000, 0.0027227663, 0.0026379240
1689.0000000000, 0.0027229893, 0.0026381461
1690.0000000000, 0.0027232122, 0.0026383680
1691.0000000000, 0.0027234350, 0.0026385898
1692.0000000000, 0.0027236576, 0.0026388114
1693.0000000000, 0.0027238802, 0.0026390330
1694.0000000000, 0.0027241026, 0.0026392544
1695.0000000000, 0.0027243248, 0.0026394757
1696.0000000000, 0.0027245470, 0.0026396968
1697.0000000000, 0.0027247690, 0.0026399179
1698.0000000000, 0.0027249909, 0.0026401388
1699.0000000000, 0.0027252127, 0.0026403596
1700.0000000000, 0.0027254344, 0.0026405803
1701.0000000000, 0.0027256559, 0.0026408008
1702.0000000000, 0.0027258773, 0.0026410213
1703.0000000000, 0.0027260986, 0.0026412416
1704.0000000000, 0.0027263198, 0.0026414618
1705.0000000000, 0.0027265408, 0.0026416819
1706.0000000000, 0.0027267618, 0.0026419018
1707.0000000000, 0.0027269826, 0.0026421216
1708.0000000000, 0.0027272033, 0.0026423413
1709.0000000000, 0.0027274238, 0.0026425609
1710.0000000000, 0.0027276442, 0.0026427804
1711.0000000000, 0.0027278646, 0.0026429997
1712.0000000000, 0.0027280848, 0.0026432190
1713.0000000000, 0.0027283048, 0.0026434381
1714.0000000000, 0.0027285248, 0.0026436571
1715.0000000000, 0.0027287446, 0.0026438759
1716.0000000000, 0.0027289643, 0.0026440947
1717.0000000000, 0.0027291839, 0.0026443133
1718.0000000000, 0.0027294033, 0.0026445318
1719.0000000000, 0.0027296227, 0.0026447502
1720.0000000000, 0.0027298419, 0.0026449685
1721.0000000000, 0.0027300610, 0.0026451866
1722.0000000000, 0.0027302800, 0.0026454047
1723.0000000000, 0.0027304989, 0.0026456226
1724.0000000000, 0.0027307176, 0.0026458404
1725.0000000000, 0.0027309362, 0.0026460580
1726.0000000000, 0.0027311547, 0.0026462756
1727.0000000000, 0.0027313731, 0.0026464930
1728.0000000000, 0.0027315913, 0.0026467103
1729.0000000000, 0.0027318095, 0.0026469275
1730.0000000000, 0.0027320275, 0.0026471446
1731.0000000000, 0.0027322454, 0.0026473616
1732.0000000000, 0.0027324632, 0.0026475784
1733.0000000000, 0.0027326809, 0.0026477952
1734.0000000000, 0.0027328984, 0.0026480118
1735.0000000000, 0.0027331158, 0.0026482283
1736.0000000000, 0.0027333331, 0.0026484446
1737.0000000000, 0.0027335503, 0.0026486609
1738.0000000000, 0.0027337674, 0.0026488770
1739.0000000000, 0.0027339843, 0.0026490931
1740.0000000000, 0.0027342012, 0.0026493090
1741.0000000000, 0.0027344179, 0.0026495248
1742.0000000000, 0.0027346345, 0.0026497404
1743.0000000000, 0.0027348510, 0.0026499560
1744.0000000000, 0.0027350673, 0.0026501715
1745.0000000000, 0.0027352836, 0.0026503868
1746.0000000000, 0.0027354997, 0.0026506020
1747.0000000000, 0.0027357157, 0.0026508171
1748.0000000000, 0.0027359316, 0.0026510321
1749.0000000000, 0.0027361474, 0.0026512469
1750.0000000000, 0.0027363630, 0.0026514617
1751.0000000000, 0.0027365786, 0.0026516763
1752.0000000000, 0.0027367940, 0.0026518908
1753.0000000000, 0.0027370093, 0.0026521052
1754.0000000000, 0.0027372245, 0.0026523195
1755.0000000000, 0.0027374395, 0.0026525337
1756.0000000000, 0.0027376545, 0.0026527477
1757.0000000000, 0.0027378693, 0.0026529617
1758.0000000000, 0.0027380841, 0.0026531755
1759.0000000000, 0.0027382987, 0.0026533892
1760.0000000000, 0.0027385132, 0.0026536028
1761.0000000000, 0.0027387275, 0.0026538163
1762.0000000000, 0.0027389418, 0.0026540297
1763.0000000000, 0.0027391560, 0.0026542429
1764.0000000000, 0.0027393700, 0.0026544561
1765.0000000000, 0.0027395839, 0.0026546691
1766.0000000000, 0.0027397977, 0.0026548820
1767.0000000000, 0.0027400114, 0.0026550948
1768.0000000000, 0.0027402250, 0.0026553075
1769.0000000000, 0.0027404384, 0.0026555201
1770.0000000000, 0.0027406518, 0.0026557325
1771.0000000000, 0.0027408650, 0.0026559449
1772.0000000000, 0.0027410781, 0.0026561571
1773.0000000000, 0.0027412911, 0.0026563692
1774.0000000000, 0.0027415040, 0.0026565812
1775.0000000000, 0.0027417168, 0.0026567931
1776.0000000000, 0.0027419294, 0.0026570049
1777.0000000000, 0.0027421420, 0.0026572166
1778.0000000000, 0.0027423544, 0.0026574281
1779.0000000000, 0.0027425667, 0.0026576396
1780.0000000000, 0.0027427789, 0.0026578509
1781.0000000000, 0.0027429910, 0.0026580621
1782.0000000000, 0.0027432030, 0.0026582733
1783.0000000000, 0.0027434148, 0.0026584843
1784.0000000000, 0.0027436266, 0.0026586951
1785.0000000000, 0.0027438382, 0.0026589059
1786.0000000000, 0.0027440498, 0.0026591166
1787.0000000000, 0.0027442612, 0.0026593271
1788.0000000000, 0.0027444725, 0.0026595376
1789.0000000000, 0.0027446837, 0.0026597479
1790.0000000000, 0.0027448947, 0.0026599581
1791.0000000000, 0.0027451057, 0.0026601682
1792.0000000000, 0.0027453166, 0.0026603782
1793.0000000000, 0.0027455273, 0.0026605881
1794.0000000000, 0.0027457379, 0.0026607979
1795.0000000000, 0.0027459484, 0.0026610076
1796.0000000000, 0.0027461589, 0.0026612171
1797.0000000000, 0.0027463691, 0.0026614266
1798.0000000000, 0.0027465793, 0.0026616359
1799.0000000000, 0.0027467894, 0.0026618451
1800.0000000000, 0.0027469994, 0.0026620543
1801.0000000000, 0.0027472092, 0.0026622633
1802.0000000000, 0.0027474190, 0.0026624722
1803.0000000000, 0.0027476286, 0.0026626810
1804.0000000000, 0.0027478381, 0.0026628896
1805.0000000000, 0.0027480475, 0.0026630982
1806.0000000000, 0.0027482568, 0.0026633067
1807.0000000000, 0.0027484660, 0.0026635150
1808.0000000000, 0.0027486751, 0.0026637233
1809.0000000000, 0.0027488840, 0.0026639314
1810.0000000000, 0.0027490929, 0.0026641394
1811.0000000000, 0.0027493016, 0.0026643473
1812.0000000000, 0.0027495103, 0.0026645551
1813.0000000000, 0.0027497188, 0.0026647628
1814.0000000000, 0.0027499272, 0.0026649704
1815.0000000000, 0.0027501355, 0.0026651779
1816.0000000000, 0.0027503437, 0.0026653853
1817.0000000000, 0.0027505518, 0.0026655926
1818.0000000000, 0.0027507598, 0.0026657997
1819.0000000000, 0.0027509677, 0.0026660068
1820.0000000000, 0.0027511754, 0.0026662137
1821.0000000000, 0.0027513831, 0.0026664206
1822.0000000000, 0.0027515907, 0.0026666273
1823.0000000000, 0.0027517981, 0.0026668339
1824.0000000000, 0.0027520054, 0.0026670404
1825.0000000000, 0.0027522126, 0.0026672468
1826.0000000000, 0.0027524198, 0.0026674531
1827.0000000000, 0.0027526268, 0.0026676593
1828.0000000000, 0.0027528337, 0.0026678654
1829.0000000000, 0.0027530405, 0.0026680714
1830.0000000000, 0.0027532471, 0.0026682773
1831.0000000000, 0.0027534537, 0.0026684831
1832.0000000000, 0.0027536602, 0.0026686887
1833.0000000000, 0.0027538665, 0.0026688943
1834.0000000000, 0.0027540728, 0.0026690997
1835.0000000000, 0.0027542789, 0.0026693051
1836.0000000000, 0.0027544850, 0.0026695103
1837.0000000000, 0.0027546909, 0.0026697155
1838.0000000000, 0.0027548967, 0.0026699205
1839.0000000000, 0.0027551025, 0.0026701254
1840.0000000000, 0.0027553081, 0.0026703302
1841.0000000000, 0.0027555136, 0.0026705349
1842.0000000000, 0.0027557190, 0.0026707395
1843.0000000000, 0.0027559243, 0.0026709440
1844.0000000000, 0.0027561295, 0.0026711484
1845.0000000000, 0.0027563345, 0.0026713527
1846.0000000000, 0.0027565395, 0.0026715569
1847.0000000000, 0.0027567444, 0.0026717610
1848.0000000000, 0.0027569491, 0.0026719650
1849.0000000000, 0.0027571538, 0.0026721689
1850.0000000000, 0.0027573584, 0.0026723726
1851.0000000000, 0.0027575628, 0.0026725763
1852.0000000000, 0.0027577671, 0.0026727798
1853.0000000000, 0.0027579714, 0.0026729833
1854.0000000000, 0.0027581755, 0.0026731867
1855.0000000000, 0.0027583795, 0.0026733899
1856.0000000000, 0.0027585835, 0.0026735931
1857.0000000000, 0.0027587873, 0.0026737961
1858.0000000000, 0.0027589910, 0.0026739990
1859.0000000000, 0.0027591946, 0.0026742019
1860.0000000000, 0.0027593981, 0.0026744046
1861.0000000000, 0.0027596015, 0.0026746072
1862.0000000000, 0.0027598048, 0.0026748097
1863.0000000000, 0.0027600080, 0.0026750122
1864.0000000000, 0.0027602111, 0.0026752145
1865.0000000000, 0.0027604141, 0.0026754167
1866.0000000000, 0.0027606169, 0.0026756188
1867.0000000000, 0.0027608197, 0.0026758208
1868.0000000000, 0.0027610224, 0.0026760227
1869.0000000000, 0.0027612249, 0.0026762245
1870.0000000000, 0.0027614274, 0.0026764262
1871.0000000000, 0.0027616298, 0.0026766279
1872.0000000000, 0.0027618320, 0.0026768294
1873.0000000000, 0.0027620342, 0.0026770307
1874.0000000000, 0.0027622362, 0.0026772320
1875.0000000000, 0.0027624382, 0.0026774332
1876.0000000000, 0.0027626400, 0.0026776343
1877.0000000000, 0.0027628418, 0.0026778353
1878.0000000000, 0.0027630434, 0.0026780362
1879.0000000000, 0.0027632450, 0.0026782370
1880.0000000000, 0.0027634464, 0.0026784377
1881.0000000000, 0.0027636477, 0.0026786383
1882.0000000000, 0.0027638490, 0.0026788388
1883.0000000000, 0.0027640501, 0.0026790391
1884.0000000000, 0.0027642511, 0.0026792394
1885.0000000000, 0.0027644520, 0.0026794396
1886.0000000000, 0.0027646529, 0.0026796397
1887.0000000000, 0.0027648536, 0.0026798397
1888.0000000000, 0.0027650542, 0.0026800395
1889.0000000000, 0.0027652547, 0.0026802393
1890.0000000000, 0.0027654552, 0.0026804390
1891.0000000000, 0.0027656555, 0.0026806386
1892.0000000000, 0.0027658557, 0.0026808381
1893.0000000000, 0.0027660558, 0.0026810374
1894.0000000000, 0.0027662558, 0.0026812367
1895.0000000000, 0.0027664557, 0.0026814359
1896.0000000000, 0.0027666555, 0.0026816350
1897.0000000000, 0.0027668553, 0.0026818340
1898.0000000000, 0.0027670549, 0.0026820328
1899.0000000000, 0.0027672544, 0.0026822316
1900.0000000000, 0.0027674538, 0.0026824303
1901.0000000000, 0.0027676531, 0.0026826289
1902.0000000000, 0.0027678523, 0.0026828274
1903.0000000000, 0.0027680514, 0.0026830257
1904.0000000000, 0.0027682504, 0.0026832240
1905.0000000000, 0.0027684493, 0.0026834222
1906.0000000000, 0.0027686481, 0.0026836203
1907.0000000000, 0.0027688469, 0.0026838183
1908.0000000000, 0.0027690455, 0.0026840162
1909.0000000000, 0.0027692440, 0.0026842140
1910.0000000000, 0.0027694424, 0.0026844117
1911.0000000000, 0.0027696407, 0.0026846093
1912.0000000000, 0.0027698389, 0.0026848068
1913.0000000000, 0.0027700370, 0.0026850042
1914.0000000000, 0.0027702350, 0.0026852015
1915.0000000000, 0.0027704330, 0.0026853987
1916.0000000000, 0.0027706308, 0.0026855958
1917.0000000000, 0.0027708285, 0.0026857928
1918.0000000000, 0.0027710261, 0.0026859897
1919.0000000000, 0.0027712236, 0.0026861865
1920.0000000000, 0.0027714211, 0.0026863832
1921.0000000000, 0.0027716184, 0.0026865798
1922.0000000000, 0.0027718156, 0.0026867764
1923.0000000000, 0.0027720127, 0.0026869728
1924.0000000000, 0.0027722098, 0.0026871691
1925.0000000000, 0.0027724067, 0.0026873653
1926.0000000000, 0.0027726035, 0.0026875615
1927.0000000000, 0.0027728003, 0.0026877575
1928.0000000000, 0.0027729969, 0.0026879534
1929.0000000000, 0.0027731935, 0.0026881493
1930.0000000000, 0.0027733899, 0.0026883450
1931.0000000000, 0.0027735863, 0.0026885407
1932.0000000000, 0.0027737825, 0.0026887362
1933.0000000000, 0.0027739787, 0.0026889317
1934.0000000000, 0.0027741747, 0.0026891271
1935.0000000000, 0.0027743707, 0.0026893223
1936.0000000000, 0.0027745665, 0.0026895175
1937.0000000000, 0.0027747623, 0.0026897126
1938.0000000000, 0.0027749580, 0.0026899075
1939.0000000000, 0.0027751535, 0.0026901024
1940.0000000000, 0.0027753490, 0.0026902972
1941.0000000000, 0.0027755444, 0.0026904919
1942.0000000000, 0.0027757397, 0.0026906865
1943.0000000000, 0.0027759349, 0.0026908810
1944.0000000000, 0.0027761300, 0.0026910754
1945.0000000000, 0.0027763249, 0.0026912697
1946.0000000000, 0.0027765198, 0.0026914639
1947.0000000000, 0.0027767146, 0.0026916580
1948.0000000000, 0.0027769094, 0.0026918521
1949.0000000000, 0.0027771040, 0.0026920460
1950.0000000000, 0.0027772985, 0.0026922398
1951.0000000000, 0.0027774929, 0.0026924336
1952.0000000000, 0.0027776872, 0.0026926272
1953.0000000000, 0.0027778815, 0.0026928208
1954.0000000000, 0.0027780756, 0.0026930142
1955.0000000000, 0.0027782696, 0.0026932076
1956.0000000000, 0.0027784636, 0.0026934009
1957.0000000000, 0.0027786574, 0.0026935941
1958.0000000000, 0.0027788512, 0.0026937871
1959.0000000000, 0.0027790448, 0.0026939801
1960.0000000000, 0.0027792384, 0.0026941730
1961.0000000000, 0.0027794319, 0.0026943658
1962.0000000000, 0.0027796252, 0.0026945585
1963.0000000000, 0.0027798185, 0.0026947511
1964.0000000000, 0.0027800117, 0.0026949437
1965.0000000000, 0.0027802048, 0.0026951361
1966.0000000000, 0.0027803978, 0.0026953284
1967.0000000000, 0.0027805907, 0.0026955207
1968.0000000000, 0.0027807835, 0.0026957128
1969.0000000000, 0.0027809762, 0.0026959049
1970.0000000000, 0.0027811689, 0.0026960968
1971.0000000000, 0.0027813614, 0.0026962887
1972.0000000000, 0.0027815538, 0.0026964805
1973.0000000000, 0.0027817462, 0.0026966722
1974.0000000000, 0.0027819384, 0.0026968638
1975.0000000000, 0.0027821306, 0.0026970553
1976.0000000000, 0.0027823226, 0.0026972467
1977.0000000000, 0.0027825146, 0.0026974380
1978.0000000000, 0.0027827065, 0.0026976292
1979.0000000000, 0.0027828983, 0.0026978203
1980.0000000000, 0.0027830899, 0.0026980114
1981.0000000000, 0.0027832815, 0.0026982023
1982.0000000000, 0.0027834730, 0.0026983932
1983.0000000000, 0.0027836645, 0.0026985839
1984.0000000000, 0.0027838558, 0.0026987746
1985.0000000000, 0.0027840470, 0.0026989652
1986.0000000000, 0.0027842381, 0.0026991557
1987.0000000000, 0.0027844292, 0.0026993461
1988.0000000000, 0.0027846201, 0.0026995364
1989.0000000000, 0.0027848110, 0.0026997266
1990.0000000000, 0.0027850018, 0.0026999167
1991.0000000000, 0.0027851924, 0.0027001067
1992.0000000000, 0.0027853830, 0.0027002967
1993.0000000000, 0.0027855735, 0.0027004865
1994.0000000000, 0.0027857639, 0.0027006763
1995.0000000000, 0.0027859542, 0.0027008660
1996.0000000000, 0.0027861444, 0.0027010555
1997.0000000000, 0.0027863345, 0.0027012450
1998.0000000000, 0.0027865246, 0.0027014344
1999.0000000000, 0.0027867145, 0.0027016237
2000.0000000000, 0.0027869044, 0.0027018130
